Asset name,Intended website location,Found / Not found / Inaccessible / Unverified / Already integrated,Original source or file path,Action needed
Lifestyle / travel photo shown in chat,About Me lifestyle photograph,Inaccessible,"Inline image supplied repeatedly in this conversation, including this audit request","Previously provided, visibly available to the assistant, but no downloadable file ID/path/URL is exposed. No matching file found in workspace, archive or checked repository trees. Provide a file/download link only if this exact photo should replace the placeholder."
Professional headshot,About Me portrait metadata / optional future portrait use,Found,https://github.com/zz10965-alt/zz10965-alt.github.io/blob/main/assets/img/profile.jpg,Recovered unchanged to public/images/profile/professional-portrait.jpg and profile.professionalPortrait. Not substituted for the explicitly requested lifestyle photo; no new display slot or design change. No action needed to retain it.
Visual interaction reference board,Design reference only,Inaccessible,Inline reference board from prior conversation,Previously supplied and visually inspected; no downloadable original exposed. Never a personal photo or website asset. No user action required.
Approved resume PDF,About Me resume download,Inaccessible,resume-intelligence-system README: real resumes/output are explicitly private and excluded from the public repository; no PDF/DOCX resume found in accessible files,Previously referenced resume outputs cannot be accessed here; a approved public PDF or accessible link is needed to enable download. No raw/private resume records requested.
LinkedIn profile URL,About Me contact,Unverified,https://github.com/zz10965-alt/zz10965-alt.github.io/blob/main/js/data.js → https://www.linkedin.com/in/freya-data,"Found, not missing. Stored in profile.linkedin; linkedinVerified=false. Live request blocked by proxy CONNECT 403. Confirm the existing URL before enabling; no re-upload needed."
Photography interest photo,Beyond Work / Photography,Not found,"No matching owner-provided photo in accessible attachment files, archive, or repository trees","No evidence provided in the accessible record. Neutral placeholder retained; optional replacement, no action required for current site."
Travel interest photo,Beyond Work / Travel,Not found,"No matching owner-provided photo in accessible attachment files, archive, or repository trees","No evidence provided in the accessible record. Neutral placeholder retained; optional replacement, no action required for current site."
Gaming interest photo,Beyond Work / Gaming,Not found,"No matching owner-provided photo in accessible attachment files, archive, or repository trees","No evidence provided in the accessible record. Neutral placeholder retained; optional replacement, no action required for current site."
Video Creation interest photo,Beyond Work / Video Creation,Not found,"No matching owner-provided photo in accessible attachment files, archive, or repository trees","No evidence provided in the accessible record. Neutral placeholder retained; optional replacement, no action required for current site."
Vibe Coding interest photo,Beyond Work / Vibe Coding,Not found,"No matching owner-provided photo in accessible attachment files, archive, or repository trees","No evidence provided in the accessible record. Neutral placeholder retained; optional replacement, no action required for current site."
CQUT official logo,Education / Experience mark,Not found,No verified corresponding official logo in the supplied files or checked repository trees,No evidence provided in accessible record; monogram retained. Unrelated template/vendor logos were excluded. Optional only.
NYU official logo,Education / Experience mark,Not found,No verified corresponding official logo in the supplied files or checked repository trees,No evidence provided in accessible record; monogram retained. Unrelated template/vendor logos were excluded. Optional only.
Google official logo,Education / Experience mark,Not found,No verified corresponding official logo in the supplied files or checked repository trees,No evidence provided in accessible record; monogram retained. Unrelated template/vendor logos were excluded. Optional only.
AI Solutions official logo,Education / Experience mark,Not found,No verified corresponding official logo in the supplied files or checked repository trees,No evidence provided in accessible record; monogram retained. Unrelated template/vendor logos were excluded. Optional only.
NielsenIQ official logo,Education / Experience mark,Not found,No verified corresponding official logo in the supplied files or checked repository trees,No evidence provided in accessible record; monogram retained. Unrelated template/vendor logos were excluded. Optional only.
Chengdu Conch official logo,Education / Experience mark,Not found,No verified corresponding official logo in the supplied files or checked repository trees,No evidence provided in accessible record; monogram retained. Unrelated template/vendor logos were excluded. Optional only.
Creator Shortlisting — GitHub,Project / creator-shortlisting,Already integrated,https://github.com/zz10965-alt/Creator2,Usable repository/file resource linked on the case page. No action needed.
Creator Shortlisting — Notebook,Project / creator-shortlisting,Already integrated,https://github.com/zz10965-alt/Creator2/blob/main/pipeline.ipynb,Usable repository/file resource linked on the case page. No action needed.
Creator Shortlisting — Demo,Project / creator-shortlisting,Unverified,https://youtu.be/XFMcbs6lcrs,"Found, not verified: live request blocked by proxy CONNECT 403; metadata retained and action hidden. No replacement upload requested."
Creator Shortlisting — Original project illustration,Project / creator-shortlisting,Already integrated,public/images/projects/legacy-creator-shortlisting.svg (original: https://github.com/zz10965-alt/zz10965-alt.github.io/blob/main/assets/img/projects/creator-shortlisting.svg),Usable repository/file resource linked on the case page. No action needed.
E-commerce Growth & Repurchase — Notebook,Project / ecommerce-growth,Already integrated,https://github.com/zz10965-alt/Data_Project/blob/main/04-ecommerce-analytics/growth_repurchase_analysis.ipynb,Usable repository/file resource linked on the case page. No action needed.
E-commerce Growth & Repurchase — Original notebook chart comparing conversion rates for four purchase paths,Project / ecommerce-growth / Findings & Impact,Already integrated,public/images/projects/ecommerce.png,Original screenshot/output/illustration reused; cover references the same file where applicable. No duplicate file. No action needed.
Advertising A/B Testing & Decisions — Notebook,Project / advertising-ab-testing,Already integrated,https://github.com/zz10965-alt/Data_Project/blob/main/05-advertising-analytics%28AB%20Test%29/abtest_ads_decision.ipynb,Usable repository/file resource linked on the case page. No action needed.
AI Safety Evaluation for Health Guidance — Original project illustration,Project / ai-safety-evaluation,Already integrated,public/images/projects/legacy-uncap-ai-safety.svg (original: https://github.com/zz10965-alt/zz10965-alt.github.io/blob/main/assets/img/projects/uncap-ai-safety.svg),Usable repository/file resource linked on the case page. No action needed.
Medicare Payment Benchmarking — Original project illustration,Project / medicare-payments,Already integrated,public/images/projects/legacy-medicare.svg (original: https://github.com/zz10965-alt/zz10965-alt.github.io/blob/main/assets/img/projects/medicare.svg),Usable repository/file resource linked on the case page. No action needed.
Employee Attrition & Workplace AI Risk — Notebook,Project / employee-attrition,Already integrated,https://github.com/zz10965-alt/Data_Project/blob/main/03-employee-attrition/Employee_Attrition_Risk_Analysis.ipynb,Usable repository/file resource linked on the case page. No action needed.
Employee Attrition & Workplace AI Risk — Original notebook forest plot of employee attrition odds ratios and confidence intervals,Project / employee-attrition / Findings & Impact,Already integrated,public/images/projects/employee-attrition.png,Original screenshot/output/illustration reused; cover references the same file where applicable. No duplicate file. No action needed.
Furniture E-commerce Database — Original project illustration,Project / furniture-database,Already integrated,public/images/projects/legacy-furniture-db.svg (original: https://github.com/zz10965-alt/zz10965-alt.github.io/blob/main/assets/img/projects/furniture-db.svg),Usable repository/file resource linked on the case page. No action needed.
Conversational AI Agent — GitHub,Project / conversational-ai-agent,Already integrated,https://github.com/zz10965-alt/ai-conversational-agent,Usable repository/file resource linked on the case page. No action needed.
Conversational AI Agent — Demo,Project / conversational-ai-agent,Unverified,https://zz10965-alt.github.io/ai-conversational-agent/,"Found, not verified: live request blocked by proxy CONNECT 403; metadata retained and action hidden. No replacement upload requested."
Conversational AI Agent — Owner’s original AI Conversational Agent architecture diagram,Project / conversational-ai-agent / System Architecture,Already integrated,public/images/projects/ai-agent-architecture.svg,Original screenshot/output/illustration reused; cover references the same file where applicable. No duplicate file. No action needed.
StarShow · Concert Companion — GitHub,Project / starshow,Already integrated,https://github.com/zz10965-alt/starshows-mobile,Usable repository/file resource linked on the case page. No action needed.
StarShow · Concert Companion — Demo,Project / starshow,Unverified,https://zz10965-alt.github.io/starshows-mobile/,"Found, not verified: live request blocked by proxy CONNECT 403; metadata retained and action hidden. No replacement upload requested."
StarShow · Concert Companion — Original StarShow mobile prototype home screen,Project / starshow / Product Design,Already integrated,public/images/projects/starshow.png,Original screenshot/output/illustration reused; cover references the same file where applicable. No duplicate file. No action needed.
EV Battery Failure Prediction — Notebook,Project / ev-battery-failure,Already integrated,https://github.com/zz10965-alt/Data_Project/blob/main/01-ev-battery-failure/EV_Battery_Failure_DS.ipynb,Usable repository/file resource linked on the case page. No action needed.
EV Battery Failure Prediction — Original executed notebook precision-recall curve for battery failure classification,Project / ev-battery-failure / Evaluation,Already integrated,public/images/projects/ev-battery.png,Original screenshot/output/illustration reused; cover references the same file where applicable. No duplicate file. No action needed.
EV Adoption Drivers — Notebook,Project / ev-adoption-drivers,Already integrated,https://github.com/zz10965-alt/Data_Project/blob/main/02-ev-adoption-analysis/EV_Adoption_Drivers_Analysis.ipynb,Usable repository/file resource linked on the case page. No action needed.
EV Adoption Drivers — Original source notebook regional EV market-share trajectories from 2010 to 2025,Project / ev-adoption-drivers / Findings & Impact,Already integrated,public/images/projects/ev-adoption.png,Original screenshot/output/illustration reused; cover references the same file where applicable. No duplicate file. No action needed.
A/B Testing Decision Dashboard full screenshot,Dashboards and advertising case study,Already integrated,Data_Project/05-advertising-analytics(AB Test)/Ad AB Testing_01.png → public/images/dashboards/advertising-abtest.png,"Original PNG is byte-identical; existing WEBP is the lighter preview derivative, not duplicate original storage. No action needed."
E-commerce Growth & Purchase Intent Analytics public dashboard,Dashboards and e-commerce case study,Unverified,https://public.tableau.com/views/E-commerceGrowthPurchaseIntentAnalytics/1,"Already supplied. Full original URL including Tableau share parameters is recorded in the project source; normalized view URL stored in content. Proxy CONNECT 403 prevents availability/preview checks; action remains hidden. Confirm availability, not re-upload."
E-commerce Growth & Purchase Intent Analytics preview,Dashboard gallery,Not found,"No Tableau preview in archive, original Data_Project tree or older portfolio media",Dashboard link was supplied; separate screenshot file was not found. Existing notebook charts are not substituted for the dashboard. Optional screenshot or browser confirmation only.
AI safety testing proposal slides,AI safety evaluation resources,Inaccessible,project-04-ai-safety-evaluation.md references Freya_Zhang_Testing_Proposal_Draft.pptx,"Previously referenced document, absent from archive/workspace and all public repository trees. Only provide an accessible copy/link if it should be publicly downloadable; not required for the proposal case study."
Medicare analysis PDF,Medicare case study resources,Inaccessible,"project-05-medicare-payment.md references methods confirmed against a PDF, but supplies no filename or URL","Referenced evidence, not a retrievable PDF attachment in this context. Optional public copy/link only; factual source summary is already integrated."
Original week2 attrition PDF,Employee attrition resources,Inaccessible,project-06-attrition-ai-risk.md mentions week2 PDF; no file/URL in accessible materials,"Original evidence referenced, not found here. Executed notebook and its output are recovered, so no user action required."
Original DS.zip course package,EV projects source package,Inaccessible,project-11-ev-adoption-drivers.md references DS.zip; not included in the supplied experience ZIP,"Earlier evidence referenced, not downloadable here. Upgraded executed notebooks are available; no user action needed."
Advertising decision_memo.md,Advertising resources,Not found,project-03-abtest-alipay-ads.md lists decision_memo.md; current Data_Project tree does not contain it,Deliverable referenced; cannot establish it was attached to this conversation. Optional public file/link only. README and notebook already available.
powerbi_dashboard_csvs.zip contents,Dashboard supporting resources,Found,https://github.com/zz10965-alt/Data_Project/tree/main/05-advertising-analytics(AB%20Test)/PowerBI%20table/,"Named ZIP absent, but CSV contents recovered in public project folders. Keep repository references; no need to re-upload a ZIP or copy raw tabular data into website media."
tableau_dashboard_csvs.zip contents,Dashboard supporting resources,Found,https://github.com/zz10965-alt/Data_Project/tree/main/04-ecommerce-analytics/tableau%20table/,"Named ZIP absent, but CSV contents recovered in public project folders. Keep repository references; no need to re-upload a ZIP or copy raw tabular data into website media."
EV battery raw 200K-row CSV,Source analysis only,Inaccessible,project-10-ev-battery-failure.md explicitly says the large CSV was not committed,Intentionally excluded original. Executed notebook includes outputs; no user action required for website.
Publication article URL,Existing source reference; no publications page in approved layout,Unverified,https://www.sciencedirect.com/science/article/pii/S1877050926013451,Found in workbook hyperlink and papers.md. Live request proxy-blocked. Recorded only; no new section or fabricated PDF. No action required for this website scope.
Experience archive and extracted records,Professional content provenance,Already integrated,/workspace/attachments/806ff533-87f2-4318-b3bc-8599f0dd5e7a/经历库-20261008.zip → /workspace/source-materials/,17 Markdown files plus one workbook checked. No embedded workbook images; its one hyperlink is the article URL. Professional facts integrated; raw/private files remain outside Git.
Three pasted request documents,Requirements provenance,Found,"/workspace/attachments/{ca1b407a…,c48e707a…,aaa20686…}/Pasted text.txt","Available and audited for links. Requirements only, not downloadable professional media. No action needed."
dashboards-desktop.png,Review documentation,Already integrated,docs/screenshots/dashboards-desktop.png,Existing review screenshot; not a source project visualization or lifestyle photograph. No action needed.
dashboards-mobile.png,Review documentation,Already integrated,docs/screenshots/dashboards-mobile.png,Existing review screenshot; not a source project visualization or lifestyle photograph. No action needed.
education-desktop.png,Review documentation,Already integrated,docs/screenshots/education-desktop.png,Existing review screenshot; not a source project visualization or lifestyle photograph. No action needed.
education-mobile.png,Review documentation,Already integrated,docs/screenshots/education-mobile.png,Existing review screenshot; not a source project visualization or lifestyle photograph. No action needed.
experience-desktop.png,Review documentation,Already integrated,docs/screenshots/experience-desktop.png,Existing review screenshot; not a source project visualization or lifestyle photograph. No action needed.
experience-mobile.png,Review documentation,Already integrated,docs/screenshots/experience-mobile.png,Existing review screenshot; not a source project visualization or lifestyle photograph. No action needed.
home-desktop.png,Review documentation,Already integrated,docs/screenshots/home-desktop.png,Existing review screenshot; not a source project visualization or lifestyle photograph. No action needed.
home-mobile.png,Review documentation,Already integrated,docs/screenshots/home-mobile.png,Existing review screenshot; not a source project visualization or lifestyle photograph. No action needed.
project-detail-desktop.png,Review documentation,Already integrated,docs/screenshots/project-detail-desktop.png,Existing review screenshot; not a source project visualization or lifestyle photograph. No action needed.
project-detail-mobile.png,Review documentation,Already integrated,docs/screenshots/project-detail-mobile.png,Existing review screenshot; not a source project visualization or lifestyle photograph. No action needed.
projects-desktop.png,Review documentation,Already integrated,docs/screenshots/projects-desktop.png,Existing review screenshot; not a source project visualization or lifestyle photograph. No action needed.
projects-dropdown-desktop.png,Review documentation,Already integrated,docs/screenshots/projects-dropdown-desktop.png,Existing review screenshot; not a source project visualization or lifestyle photograph. No action needed.
projects-mobile.png,Review documentation,Already integrated,docs/screenshots/projects-mobile.png,Existing review screenshot; not a source project visualization or lifestyle photograph. No action needed.
Creator2 / Creator2-main/pipeline.ipynb,No matching approved content slot,Found,https://github.com/zz10965-alt/Creator2/blob/a8ea88988e0803203bdf442ed48ac7c23cfaee49/Creator2-main/pipeline.ipynb,Creator2/pipeline.ipynb is linked once. Nested copy and alternate repo notebook have identical SHA-256; no duplication or re-upload.
Creator2 / pipeline.ipynb,No matching approved content slot,Found,https://github.com/zz10965-alt/Creator2/blob/a8ea88988e0803203bdf442ed48ac7c23cfaee49/pipeline.ipynb,Creator2/pipeline.ipynb is linked once. Nested copy and alternate repo notebook have identical SHA-256; no duplication or re-upload.
Google-creator-shortlisting-tool / Google-creator-shortlisting-tool-main/pipeline.ipynb,No matching approved content slot,Found,https://github.com/zz10965-alt/Google-creator-shortlisting-tool/blob/080abf153f885463aabeb9ce02ea3a637f6d0c20/Google-creator-shortlisting-tool-main/pipeline.ipynb,Creator2/pipeline.ipynb is linked once. Nested copy and alternate repo notebook have identical SHA-256; no duplication or re-upload.
Google-creator-shortlisting-tool / pipeline.ipynb,No matching approved content slot,Found,https://github.com/zz10965-alt/Google-creator-shortlisting-tool/blob/080abf153f885463aabeb9ce02ea3a637f6d0c20/pipeline.ipynb,Creator2/pipeline.ipynb is linked once. Nested copy and alternate repo notebook have identical SHA-256; no duplication or re-upload.
go-paas-frontend / assets/img/140x140.png,No matching approved content slot,Found,https://github.com/zz10965-alt/go-paas-frontend/blob/5167e93f908ff65f1e4dab30506fa46ad862b0e4/assets/img/140x140.png,"Template/vendor/tutorial asset, not verified owner personal media or an approved project resource. Not copied into portfolio. No action needed."
go-paas-frontend / assets/img/404-bg.png,No matching approved content slot,Found,https://github.com/zz10965-alt/go-paas-frontend/blob/5167e93f908ff65f1e4dab30506fa46ad862b0e4/assets/img/404-bg.png,"Template/vendor/tutorial asset, not verified owner personal media or an approved project resource. Not copied into portfolio. No action needed."
go-paas-frontend / assets/img/Consul.jpeg,No matching approved content slot,Found,https://github.com/zz10965-alt/go-paas-frontend/blob/5167e93f908ff65f1e4dab30506fa46ad862b0e4/assets/img/Consul.jpeg,"Template/vendor/tutorial asset, not verified owner personal media or an approved project resource. Not copied into portfolio. No action needed."
go-paas-frontend / assets/img/MariaDB.jpeg,No matching approved content slot,Found,https://github.com/zz10965-alt/go-paas-frontend/blob/5167e93f908ff65f1e4dab30506fa46ad862b0e4/assets/img/MariaDB.jpeg,"Template/vendor/tutorial asset, not verified owner personal media or an approved project resource. Not copied into portfolio. No action needed."
go-paas-frontend / assets/img/Mysql.jpeg,No matching approved content slot,Found,https://github.com/zz10965-alt/go-paas-frontend/blob/5167e93f908ff65f1e4dab30506fa46ad862b0e4/assets/img/Mysql.jpeg,"Template/vendor/tutorial asset, not verified owner personal media or an approved project resource. Not copied into portfolio. No action needed."
go-paas-frontend / assets/img/Redis.jpeg,No matching approved content slot,Found,https://github.com/zz10965-alt/go-paas-frontend/blob/5167e93f908ff65f1e4dab30506fa46ad862b0e4/assets/img/Redis.jpeg,"Template/vendor/tutorial asset, not verified owner personal media or an approved project resource. Not copied into portfolio. No action needed."
go-paas-frontend / assets/img/avatar-150.png,No matching approved content slot,Found,https://github.com/zz10965-alt/go-paas-frontend/blob/5167e93f908ff65f1e4dab30506fa46ad862b0e4/assets/img/avatar-150.png,"Template/vendor/tutorial asset, not verified owner personal media or an approved project resource. Not copied into portfolio. No action needed."
go-paas-frontend / assets/img/avatar.png,No matching approved content slot,Found,https://github.com/zz10965-alt/go-paas-frontend/blob/5167e93f908ff65f1e4dab30506fa46ad862b0e4/assets/img/avatar.png,"Template/vendor/tutorial asset, not verified owner personal media or an approved project resource. Not copied into portfolio. No action needed."
go-paas-frontend / assets/img/avatar1.png,No matching approved content slot,Found,https://github.com/zz10965-alt/go-paas-frontend/blob/5167e93f908ff65f1e4dab30506fa46ad862b0e4/assets/img/avatar1.png,"Template/vendor/tutorial asset, not verified owner personal media or an approved project resource. Not copied into portfolio. No action needed."
go-paas-frontend / assets/img/avatar2.png,No matching approved content slot,Found,https://github.com/zz10965-alt/go-paas-frontend/blob/5167e93f908ff65f1e4dab30506fa46ad862b0e4/assets/img/avatar2.png,"Template/vendor/tutorial asset, not verified owner personal media or an approved project resource. Not copied into portfolio. No action needed."
go-paas-frontend / assets/img/avatar3.png,No matching approved content slot,Found,https://github.com/zz10965-alt/go-paas-frontend/blob/5167e93f908ff65f1e4dab30506fa46ad862b0e4/assets/img/avatar3.png,"Template/vendor/tutorial asset, not verified owner personal media or an approved project resource. Not copied into portfolio. No action needed."
go-paas-frontend / assets/img/avatar4.png,No matching approved content slot,Found,https://github.com/zz10965-alt/go-paas-frontend/blob/5167e93f908ff65f1e4dab30506fa46ad862b0e4/assets/img/avatar4.png,"Template/vendor/tutorial asset, not verified owner personal media or an approved project resource. Not copied into portfolio. No action needed."
go-paas-frontend / assets/img/avatar5.png,No matching approved content slot,Found,https://github.com/zz10965-alt/go-paas-frontend/blob/5167e93f908ff65f1e4dab30506fa46ad862b0e4/assets/img/avatar5.png,"Template/vendor/tutorial asset, not verified owner personal media or an approved project resource. Not copied into portfolio. No action needed."
go-paas-frontend / assets/img/avatar6.png,No matching approved content slot,Found,https://github.com/zz10965-alt/go-paas-frontend/blob/5167e93f908ff65f1e4dab30506fa46ad862b0e4/assets/img/avatar6.png,"Template/vendor/tutorial asset, not verified owner personal media or an approved project resource. Not copied into portfolio. No action needed."
go-paas-frontend / assets/img/bitbucket.png,No matching approved content slot,Found,https://github.com/zz10965-alt/go-paas-frontend/blob/5167e93f908ff65f1e4dab30506fa46ad862b0e4/assets/img/bitbucket.png,"Template/vendor/tutorial asset, not verified owner personal media or an approved project resource. Not copied into portfolio. No action needed."
go-paas-frontend / assets/img/db-icon.png,No matching approved content slot,Found,https://github.com/zz10965-alt/go-paas-frontend/blob/5167e93f908ff65f1e4dab30506fa46ad862b0e4/assets/img/db-icon.png,"Template/vendor/tutorial asset, not verified owner personal media or an approved project resource. Not copied into portfolio. No action needed."
go-paas-frontend / assets/img/dribbble.png,No matching approved content slot,Found,https://github.com/zz10965-alt/go-paas-frontend/blob/5167e93f908ff65f1e4dab30506fa46ad862b0e4/assets/img/dribbble.png,"Template/vendor/tutorial asset, not verified owner personal media or an approved project resource. Not copied into portfolio. No action needed."
go-paas-frontend / assets/img/dropbox.png,No matching approved content slot,Found,https://github.com/zz10965-alt/go-paas-frontend/blob/5167e93f908ff65f1e4dab30506fa46ad862b0e4/assets/img/dropbox.png,"Template/vendor/tutorial asset, not verified owner personal media or an approved project resource. Not copied into portfolio. No action needed."
go-paas-frontend / assets/img/fb-icon.png,No matching approved content slot,Found,https://github.com/zz10965-alt/go-paas-frontend/blob/5167e93f908ff65f1e4dab30506fa46ad862b0e4/assets/img/fb-icon.png,"Template/vendor/tutorial asset, not verified owner personal media or an approved project resource. Not copied into portfolio. No action needed."
go-paas-frontend / assets/img/fl-icon.png,No matching approved content slot,Found,https://github.com/zz10965-alt/go-paas-frontend/blob/5167e93f908ff65f1e4dab30506fa46ad862b0e4/assets/img/fl-icon.png,"Template/vendor/tutorial asset, not verified owner personal media or an approved project resource. Not copied into portfolio. No action needed."
go-paas-frontend / assets/img/gallery/img1.jpg,No matching approved content slot,Found,https://github.com/zz10965-alt/go-paas-frontend/blob/5167e93f908ff65f1e4dab30506fa46ad862b0e4/assets/img/gallery/img1.jpg,"Template/vendor/tutorial asset, not verified owner personal media or an approved project resource. Not copied into portfolio. No action needed."
go-paas-frontend / assets/img/gallery/img10.jpg,No matching approved content slot,Found,https://github.com/zz10965-alt/go-paas-frontend/blob/5167e93f908ff65f1e4dab30506fa46ad862b0e4/assets/img/gallery/img10.jpg,"Template/vendor/tutorial asset, not verified owner personal media or an approved project resource. Not copied into portfolio. No action needed."
go-paas-frontend / assets/img/gallery/img11.jpg,No matching approved content slot,Found,https://github.com/zz10965-alt/go-paas-frontend/blob/5167e93f908ff65f1e4dab30506fa46ad862b0e4/assets/img/gallery/img11.jpg,"Template/vendor/tutorial asset, not verified owner personal media or an approved project resource. Not copied into portfolio. No action needed."
go-paas-frontend / assets/img/gallery/img12.jpg,No matching approved content slot,Found,https://github.com/zz10965-alt/go-paas-frontend/blob/5167e93f908ff65f1e4dab30506fa46ad862b0e4/assets/img/gallery/img12.jpg,"Template/vendor/tutorial asset, not verified owner personal media or an approved project resource. Not copied into portfolio. No action needed."
go-paas-frontend / assets/img/gallery/img2.jpg,No matching approved content slot,Found,https://github.com/zz10965-alt/go-paas-frontend/blob/5167e93f908ff65f1e4dab30506fa46ad862b0e4/assets/img/gallery/img2.jpg,"Template/vendor/tutorial asset, not verified owner personal media or an approved project resource. Not copied into portfolio. No action needed."
go-paas-frontend / assets/img/gallery/img3.jpg,No matching approved content slot,Found,https://github.com/zz10965-alt/go-paas-frontend/blob/5167e93f908ff65f1e4dab30506fa46ad862b0e4/assets/img/gallery/img3.jpg,"Template/vendor/tutorial asset, not verified owner personal media or an approved project resource. Not copied into portfolio. No action needed."
go-paas-frontend / assets/img/gallery/img4.jpg,No matching approved content slot,Found,https://github.com/zz10965-alt/go-paas-frontend/blob/5167e93f908ff65f1e4dab30506fa46ad862b0e4/assets/img/gallery/img4.jpg,"Template/vendor/tutorial asset, not verified owner personal media or an approved project resource. Not copied into portfolio. No action needed."
go-paas-frontend / assets/img/gallery/img5.jpg,No matching approved content slot,Found,https://github.com/zz10965-alt/go-paas-frontend/blob/5167e93f908ff65f1e4dab30506fa46ad862b0e4/assets/img/gallery/img5.jpg,"Template/vendor/tutorial asset, not verified owner personal media or an approved project resource. Not copied into portfolio. No action needed."
go-paas-frontend / assets/img/gallery/img6.jpg,No matching approved content slot,Found,https://github.com/zz10965-alt/go-paas-frontend/blob/5167e93f908ff65f1e4dab30506fa46ad862b0e4/assets/img/gallery/img6.jpg,"Template/vendor/tutorial asset, not verified owner personal media or an approved project resource. Not copied into portfolio. No action needed."
go-paas-frontend / assets/img/gallery/img7.jpg,No matching approved content slot,Found,https://github.com/zz10965-alt/go-paas-frontend/blob/5167e93f908ff65f1e4dab30506fa46ad862b0e4/assets/img/gallery/img7.jpg,"Template/vendor/tutorial asset, not verified owner personal media or an approved project resource. Not copied into portfolio. No action needed."
go-paas-frontend / assets/img/gallery/img8.jpg,No matching approved content slot,Found,https://github.com/zz10965-alt/go-paas-frontend/blob/5167e93f908ff65f1e4dab30506fa46ad862b0e4/assets/img/gallery/img8.jpg,"Template/vendor/tutorial asset, not verified owner personal media or an approved project resource. Not copied into portfolio. No action needed."
go-paas-frontend / assets/img/gallery/img9.jpg,No matching approved content slot,Found,https://github.com/zz10965-alt/go-paas-frontend/blob/5167e93f908ff65f1e4dab30506fa46ad862b0e4/assets/img/gallery/img9.jpg,"Template/vendor/tutorial asset, not verified owner personal media or an approved project resource. Not copied into portfolio. No action needed."
go-paas-frontend / assets/img/gh-icon.png,No matching approved content slot,Found,https://github.com/zz10965-alt/go-paas-frontend/blob/5167e93f908ff65f1e4dab30506fa46ad862b0e4/assets/img/gh-icon.png,"Template/vendor/tutorial asset, not verified owner personal media or an approved project resource. Not copied into portfolio. No action needed."
go-paas-frontend / assets/img/github.png,No matching approved content slot,Found,https://github.com/zz10965-alt/go-paas-frontend/blob/5167e93f908ff65f1e4dab30506fa46ad862b0e4/assets/img/github.png,"Template/vendor/tutorial asset, not verified owner personal media or an approved project resource. Not copied into portfolio. No action needed."
go-paas-frontend / assets/img/gp-icon.png,No matching approved content slot,Found,https://github.com/zz10965-alt/go-paas-frontend/blob/5167e93f908ff65f1e4dab30506fa46ad862b0e4/assets/img/gp-icon.png,"Template/vendor/tutorial asset, not verified owner personal media or an approved project resource. Not copied into portfolio. No action needed."
go-paas-frontend / assets/img/in-icon.png,No matching approved content slot,Found,https://github.com/zz10965-alt/go-paas-frontend/blob/5167e93f908ff65f1e4dab30506fa46ad862b0e4/assets/img/in-icon.png,"Template/vendor/tutorial asset, not verified owner personal media or an approved project resource. Not copied into portfolio. No action needed."
go-paas-frontend / assets/img/licenses/license-character-faces-icons-777192.pdf,No matching approved content slot,Found,https://github.com/zz10965-alt/go-paas-frontend/blob/5167e93f908ff65f1e4dab30506fa46ad862b0e4/assets/img/licenses/license-character-faces-icons-777192.pdf,"Template/vendor/tutorial asset, not verified owner personal media or an approved project resource. Not copied into portfolio. No action needed."
go-paas-frontend / assets/img/licenses/license-pricing-tables-icons.pdf,No matching approved content slot,Found,https://github.com/zz10965-alt/go-paas-frontend/blob/5167e93f908ff65f1e4dab30506fa46ad862b0e4/assets/img/licenses/license-pricing-tables-icons.pdf,"Template/vendor/tutorial asset, not verified owner personal media or an approved project resource. Not copied into portfolio. No action needed."
go-paas-frontend / assets/img/logo-fav.png,No matching approved content slot,Found,https://github.com/zz10965-alt/go-paas-frontend/blob/5167e93f908ff65f1e4dab30506fa46ad862b0e4/assets/img/logo-fav.png,"Template/vendor/tutorial asset, not verified owner personal media or an approved project resource. Not copied into portfolio. No action needed."
go-paas-frontend / assets/img/logo-symbol.png,No matching approved content slot,Found,https://github.com/zz10965-alt/go-paas-frontend/blob/5167e93f908ff65f1e4dab30506fa46ad862b0e4/assets/img/logo-symbol.png,"Template/vendor/tutorial asset, not verified owner personal media or an approved project resource. Not copied into portfolio. No action needed."
go-paas-frontend / assets/img/logo-white-xx.png,No matching approved content slot,Found,https://github.com/zz10965-alt/go-paas-frontend/blob/5167e93f908ff65f1e4dab30506fa46ad862b0e4/assets/img/logo-white-xx.png,"Template/vendor/tutorial asset, not verified owner personal media or an approved project resource. Not copied into portfolio. No action needed."
go-paas-frontend / assets/img/logo-white.png,No matching approved content slot,Found,https://github.com/zz10965-alt/go-paas-frontend/blob/5167e93f908ff65f1e4dab30506fa46ad862b0e4/assets/img/logo-white.png,"Template/vendor/tutorial asset, not verified owner personal media or an approved project resource. Not copied into portfolio. No action needed."
go-paas-frontend / assets/img/logo-xx.png,No matching approved content slot,Found,https://github.com/zz10965-alt/go-paas-frontend/blob/5167e93f908ff65f1e4dab30506fa46ad862b0e4/assets/img/logo-xx.png,"Template/vendor/tutorial asset, not verified owner personal media or an approved project resource. Not copied into portfolio. No action needed."
go-paas-frontend / assets/img/logo.png,No matching approved content slot,Found,https://github.com/zz10965-alt/go-paas-frontend/blob/5167e93f908ff65f1e4dab30506fa46ad862b0e4/assets/img/logo.png,"Template/vendor/tutorial asset, not verified owner personal media or an approved project resource. Not copied into portfolio. No action needed."
go-paas-frontend / assets/img/mail_chimp.png,No matching approved content slot,Found,https://github.com/zz10965-alt/go-paas-frontend/blob/5167e93f908ff65f1e4dab30506fa46ad862b0e4/assets/img/mail_chimp.png,"Template/vendor/tutorial asset, not verified owner personal media or an approved project resource. Not copied into portfolio. No action needed."
go-paas-frontend / assets/img/pi-icon.png,No matching approved content slot,Found,https://github.com/zz10965-alt/go-paas-frontend/blob/5167e93f908ff65f1e4dab30506fa46ad862b0e4/assets/img/pi-icon.png,"Template/vendor/tutorial asset, not verified owner personal media or an approved project resource. Not copied into portfolio. No action needed."
go-paas-frontend / assets/img/slack.png,No matching approved content slot,Found,https://github.com/zz10965-alt/go-paas-frontend/blob/5167e93f908ff65f1e4dab30506fa46ad862b0e4/assets/img/slack.png,"Template/vendor/tutorial asset, not verified owner personal media or an approved project resource. Not copied into portfolio. No action needed."
go-paas-frontend / assets/img/slack_logo.png,No matching approved content slot,Found,https://github.com/zz10965-alt/go-paas-frontend/blob/5167e93f908ff65f1e4dab30506fa46ad862b0e4/assets/img/slack_logo.png,"Template/vendor/tutorial asset, not verified owner personal media or an approved project resource. Not copied into portfolio. No action needed."
go-paas-frontend / assets/img/tu-icon.png,No matching approved content slot,Found,https://github.com/zz10965-alt/go-paas-frontend/blob/5167e93f908ff65f1e4dab30506fa46ad862b0e4/assets/img/tu-icon.png,"Template/vendor/tutorial asset, not verified owner personal media or an approved project resource. Not copied into portfolio. No action needed."
go-paas-frontend / assets/img/tw-icon.png,No matching approved content slot,Found,https://github.com/zz10965-alt/go-paas-frontend/blob/5167e93f908ff65f1e4dab30506fa46ad862b0e4/assets/img/tw-icon.png,"Template/vendor/tutorial asset, not verified owner personal media or an approved project resource. Not copied into portfolio. No action needed."
go-paas-frontend / assets/img/user-profile-display.png,No matching approved content slot,Found,https://github.com/zz10965-alt/go-paas-frontend/blob/5167e93f908ff65f1e4dab30506fa46ad862b0e4/assets/img/user-profile-display.png,"Template/vendor/tutorial asset, not verified owner personal media or an approved project resource. Not copied into portfolio. No action needed."
go-paas-frontend / assets/img/yt-icon.png,No matching approved content slot,Found,https://github.com/zz10965-alt/go-paas-frontend/blob/5167e93f908ff65f1e4dab30506fa46ad862b0e4/assets/img/yt-icon.png,"Template/vendor/tutorial asset, not verified owner personal media or an approved project resource. Not copied into portfolio. No action needed."
go-paas-frontend / assets/lib/bootstrap/dist/fonts/glyphicons-halflings-regular.svg,No matching approved content slot,Found,https://github.com/zz10965-alt/go-paas-frontend/blob/5167e93f908ff65f1e4dab30506fa46ad862b0e4/assets/lib/bootstrap/dist/fonts/glyphicons-halflings-regular.svg,"Template/vendor/tutorial asset, not verified owner personal media or an approved project resource. Not copied into portfolio. No action needed."
go-paas-frontend / assets/lib/datatables/images/sort_asc.png,No matching approved content slot,Found,https://github.com/zz10965-alt/go-paas-frontend/blob/5167e93f908ff65f1e4dab30506fa46ad862b0e4/assets/lib/datatables/images/sort_asc.png,"Template/vendor/tutorial asset, not verified owner personal media or an approved project resource. Not copied into portfolio. No action needed."
go-paas-frontend / assets/lib/datatables/images/sort_asc_disabled.png,No matching approved content slot,Found,https://github.com/zz10965-alt/go-paas-frontend/blob/5167e93f908ff65f1e4dab30506fa46ad862b0e4/assets/lib/datatables/images/sort_asc_disabled.png,"Template/vendor/tutorial asset, not verified owner personal media or an approved project resource. Not copied into portfolio. No action needed."
go-paas-frontend / assets/lib/datatables/images/sort_both.png,No matching approved content slot,Found,https://github.com/zz10965-alt/go-paas-frontend/blob/5167e93f908ff65f1e4dab30506fa46ad862b0e4/assets/lib/datatables/images/sort_both.png,"Template/vendor/tutorial asset, not verified owner personal media or an approved project resource. Not copied into portfolio. No action needed."
go-paas-frontend / assets/lib/datatables/images/sort_desc.png,No matching approved content slot,Found,https://github.com/zz10965-alt/go-paas-frontend/blob/5167e93f908ff65f1e4dab30506fa46ad862b0e4/assets/lib/datatables/images/sort_desc.png,"Template/vendor/tutorial asset, not verified owner personal media or an approved project resource. Not copied into portfolio. No action needed."
go-paas-frontend / assets/lib/datatables/images/sort_desc_disabled.png,No matching approved content slot,Found,https://github.com/zz10965-alt/go-paas-frontend/blob/5167e93f908ff65f1e4dab30506fa46ad862b0e4/assets/lib/datatables/images/sort_desc_disabled.png,"Template/vendor/tutorial asset, not verified owner personal media or an approved project resource. Not copied into portfolio. No action needed."
go-paas-frontend / assets/lib/jquery-flot/examples/background.png,No matching approved content slot,Found,https://github.com/zz10965-alt/go-paas-frontend/blob/5167e93f908ff65f1e4dab30506fa46ad862b0e4/assets/lib/jquery-flot/examples/background.png,"Template/vendor/tutorial asset, not verified owner personal media or an approved project resource. Not copied into portfolio. No action needed."
go-paas-frontend / assets/lib/jquery-flot/examples/image/hs-2004-27-a-large-web.jpg,No matching approved content slot,Found,https://github.com/zz10965-alt/go-paas-frontend/blob/5167e93f908ff65f1e4dab30506fa46ad862b0e4/assets/lib/jquery-flot/examples/image/hs-2004-27-a-large-web.jpg,"Template/vendor/tutorial asset, not verified owner personal media or an approved project resource. Not copied into portfolio. No action needed."
go-paas-frontend / assets/lib/jquery.gritter/images/gritter-bg.png,No matching approved content slot,Found,https://github.com/zz10965-alt/go-paas-frontend/blob/5167e93f908ff65f1e4dab30506fa46ad862b0e4/assets/lib/jquery.gritter/images/gritter-bg.png,"Template/vendor/tutorial asset, not verified owner personal media or an approved project resource. Not copied into portfolio. No action needed."
go-paas-frontend / assets/lib/jquery.gritter/images/gritter-light.png,No matching approved content slot,Found,https://github.com/zz10965-alt/go-paas-frontend/blob/5167e93f908ff65f1e4dab30506fa46ad862b0e4/assets/lib/jquery.gritter/images/gritter-light.png,"Template/vendor/tutorial asset, not verified owner personal media or an approved project resource. Not copied into portfolio. No action needed."
go-paas-frontend / assets/lib/jquery.gritter/images/gritter-long.png,No matching approved content slot,Found,https://github.com/zz10965-alt/go-paas-frontend/blob/5167e93f908ff65f1e4dab30506fa46ad862b0e4/assets/lib/jquery.gritter/images/gritter-long.png,"Template/vendor/tutorial asset, not verified owner personal media or an approved project resource. Not copied into portfolio. No action needed."
go-paas-frontend / assets/lib/jquery.gritter/images/gritter.png,No matching approved content slot,Found,https://github.com/zz10965-alt/go-paas-frontend/blob/5167e93f908ff65f1e4dab30506fa46ad862b0e4/assets/lib/jquery.gritter/images/gritter.png,"Template/vendor/tutorial asset, not verified owner personal media or an approved project resource. Not copied into portfolio. No action needed."
go-paas-frontend / assets/lib/jquery.gritter/images/trees.jpg,No matching approved content slot,Found,https://github.com/zz10965-alt/go-paas-frontend/blob/5167e93f908ff65f1e4dab30506fa46ad862b0e4/assets/lib/jquery.gritter/images/trees.jpg,"Template/vendor/tutorial asset, not verified owner personal media or an approved project resource. Not copied into portfolio. No action needed."
go-paas-frontend / assets/lib/jquery.niftymodals/lib/fonts/codropsicons/codropsicons.svg,No matching approved content slot,Found,https://github.com/zz10965-alt/go-paas-frontend/blob/5167e93f908ff65f1e4dab30506fa46ad862b0e4/assets/lib/jquery.niftymodals/lib/fonts/codropsicons/codropsicons.svg,"Template/vendor/tutorial asset, not verified owner personal media or an approved project resource. Not copied into portfolio. No action needed."
go-paas-frontend / assets/lib/material-design-icons/fonts/Material-Design-Iconic-Font.svg,No matching approved content slot,Found,https://github.com/zz10965-alt/go-paas-frontend/blob/5167e93f908ff65f1e4dab30506fa46ad862b0e4/assets/lib/material-design-icons/fonts/Material-Design-Iconic-Font.svg,"Template/vendor/tutorial asset, not verified owner personal media or an approved project resource. Not copied into portfolio. No action needed."
go-paas-frontend / assets/lib/multiselect/img/switch.png,No matching approved content slot,Found,https://github.com/zz10965-alt/go-paas-frontend/blob/5167e93f908ff65f1e4dab30506fa46ad862b0e4/assets/lib/multiselect/img/switch.png,"Template/vendor/tutorial asset, not verified owner personal media or an approved project resource. Not copied into portfolio. No action needed."
go-paas-frontend / assets/lib/roboto/Roboto-Black.svg,No matching approved content slot,Found,https://github.com/zz10965-alt/go-paas-frontend/blob/5167e93f908ff65f1e4dab30506fa46ad862b0e4/assets/lib/roboto/Roboto-Black.svg,"Template/vendor/tutorial asset, not verified owner personal media or an approved project resource. Not copied into portfolio. No action needed."
go-paas-frontend / assets/lib/roboto/Roboto-BlackItalic.svg,No matching approved content slot,Found,https://github.com/zz10965-alt/go-paas-frontend/blob/5167e93f908ff65f1e4dab30506fa46ad862b0e4/assets/lib/roboto/Roboto-BlackItalic.svg,"Template/vendor/tutorial asset, not verified owner personal media or an approved project resource. Not copied into portfolio. No action needed."
go-paas-frontend / assets/lib/roboto/Roboto-Bold.svg,No matching approved content slot,Found,https://github.com/zz10965-alt/go-paas-frontend/blob/5167e93f908ff65f1e4dab30506fa46ad862b0e4/assets/lib/roboto/Roboto-Bold.svg,"Template/vendor/tutorial asset, not verified owner personal media or an approved project resource. Not copied into portfolio. No action needed."
go-paas-frontend / assets/lib/roboto/Roboto-BoldItalic.svg,No matching approved content slot,Found,https://github.com/zz10965-alt/go-paas-frontend/blob/5167e93f908ff65f1e4dab30506fa46ad862b0e4/assets/lib/roboto/Roboto-BoldItalic.svg,"Template/vendor/tutorial asset, not verified owner personal media or an approved project resource. Not copied into portfolio. No action needed."
go-paas-frontend / assets/lib/roboto/Roboto-Light.svg,No matching approved content slot,Found,https://github.com/zz10965-alt/go-paas-frontend/blob/5167e93f908ff65f1e4dab30506fa46ad862b0e4/assets/lib/roboto/Roboto-Light.svg,"Template/vendor/tutorial asset, not verified owner personal media or an approved project resource. Not copied into portfolio. No action needed."
go-paas-frontend / assets/lib/roboto/Roboto-LightItalic.svg,No matching approved content slot,Found,https://github.com/zz10965-alt/go-paas-frontend/blob/5167e93f908ff65f1e4dab30506fa46ad862b0e4/assets/lib/roboto/Roboto-LightItalic.svg,"Template/vendor/tutorial asset, not verified owner personal media or an approved project resource. Not copied into portfolio. No action needed."
go-paas-frontend / assets/lib/roboto/Roboto-Medium.svg,No matching approved content slot,Found,https://github.com/zz10965-alt/go-paas-frontend/blob/5167e93f908ff65f1e4dab30506fa46ad862b0e4/assets/lib/roboto/Roboto-Medium.svg,"Template/vendor/tutorial asset, not verified owner personal media or an approved project resource. Not copied into portfolio. No action needed."
go-paas-frontend / assets/lib/roboto/Roboto-MediumItalic.svg,No matching approved content slot,Found,https://github.com/zz10965-alt/go-paas-frontend/blob/5167e93f908ff65f1e4dab30506fa46ad862b0e4/assets/lib/roboto/Roboto-MediumItalic.svg,"Template/vendor/tutorial asset, not verified owner personal media or an approved project resource. Not copied into portfolio. No action needed."
go-paas-frontend / assets/lib/roboto/Roboto-Regular.svg,No matching approved content slot,Found,https://github.com/zz10965-alt/go-paas-frontend/blob/5167e93f908ff65f1e4dab30506fa46ad862b0e4/assets/lib/roboto/Roboto-Regular.svg,"Template/vendor/tutorial asset, not verified owner personal media or an approved project resource. Not copied into portfolio. No action needed."
go-paas-frontend / assets/lib/roboto/Roboto-RegularItalic.svg,No matching approved content slot,Found,https://github.com/zz10965-alt/go-paas-frontend/blob/5167e93f908ff65f1e4dab30506fa46ad862b0e4/assets/lib/roboto/Roboto-RegularItalic.svg,"Template/vendor/tutorial asset, not verified owner personal media or an approved project resource. Not copied into portfolio. No action needed."
go-paas-frontend / assets/lib/roboto/Roboto-Thin.svg,No matching approved content slot,Found,https://github.com/zz10965-alt/go-paas-frontend/blob/5167e93f908ff65f1e4dab30506fa46ad862b0e4/assets/lib/roboto/Roboto-Thin.svg,"Template/vendor/tutorial asset, not verified owner personal media or an approved project resource. Not copied into portfolio. No action needed."
go-paas-frontend / assets/lib/roboto/Roboto-ThinItalic.svg,No matching approved content slot,Found,https://github.com/zz10965-alt/go-paas-frontend/blob/5167e93f908ff65f1e4dab30506fa46ad862b0e4/assets/lib/roboto/Roboto-ThinItalic.svg,"Template/vendor/tutorial asset, not verified owner personal media or an approved project resource. Not copied into portfolio. No action needed."
go-paas-frontend / assets/lib/x-editable/bootstrap-editable/img/clear.png,No matching approved content slot,Found,https://github.com/zz10965-alt/go-paas-frontend/blob/5167e93f908ff65f1e4dab30506fa46ad862b0e4/assets/lib/x-editable/bootstrap-editable/img/clear.png,"Template/vendor/tutorial asset, not verified owner personal media or an approved project resource. Not copied into portfolio. No action needed."
go-paas-frontend / assets/lib/x-editable/bootstrap3-editable/img/clear.png,No matching approved content slot,Found,https://github.com/zz10965-alt/go-paas-frontend/blob/5167e93f908ff65f1e4dab30506fa46ad862b0e4/assets/lib/x-editable/bootstrap3-editable/img/clear.png,"Template/vendor/tutorial asset, not verified owner personal media or an approved project resource. Not copied into portfolio. No action needed."
go-paas-frontend / assets/lib/x-editable/jquery-editable/img/clear.png,No matching approved content slot,Found,https://github.com/zz10965-alt/go-paas-frontend/blob/5167e93f908ff65f1e4dab30506fa46ad862b0e4/assets/lib/x-editable/jquery-editable/img/clear.png,"Template/vendor/tutorial asset, not verified owner personal media or an approved project resource. Not copied into portfolio. No action needed."
go-paas-frontend / assets/lib/x-editable/jquery-editable/jquery-ui-datepicker/css/redmond/images/ui-bg_flat_0_aaaaaa_40x100.png,No matching approved content slot,Found,https://github.com/zz10965-alt/go-paas-frontend/blob/5167e93f908ff65f1e4dab30506fa46ad862b0e4/assets/lib/x-editable/jquery-editable/jquery-ui-datepicker/css/redmond/images/ui-bg_flat_0_aaaaaa_40x100.png,"Template/vendor/tutorial asset, not verified owner personal media or an approved project resource. Not copied into portfolio. No action needed."
go-paas-frontend / assets/lib/x-editable/jquery-editable/jquery-ui-datepicker/css/redmond/images/ui-bg_flat_55_fbec88_40x100.png,No matching approved content slot,Found,https://github.com/zz10965-alt/go-paas-frontend/blob/5167e93f908ff65f1e4dab30506fa46ad862b0e4/assets/lib/x-editable/jquery-editable/jquery-ui-datepicker/css/redmond/images/ui-bg_flat_55_fbec88_40x100.png,"Template/vendor/tutorial asset, not verified owner personal media or an approved project resource. Not copied into portfolio. No action needed."
go-paas-frontend / assets/lib/x-editable/jquery-editable/jquery-ui-datepicker/css/redmond/images/ui-bg_glass_75_d0e5f5_1x400.png,No matching approved content slot,Found,https://github.com/zz10965-alt/go-paas-frontend/blob/5167e93f908ff65f1e4dab30506fa46ad862b0e4/assets/lib/x-editable/jquery-editable/jquery-ui-datepicker/css/redmond/images/ui-bg_glass_75_d0e5f5_1x400.png,"Template/vendor/tutorial asset, not verified owner personal media or an approved project resource. Not copied into portfolio. No action needed."
go-paas-frontend / assets/lib/x-editable/jquery-editable/jquery-ui-datepicker/css/redmond/images/ui-bg_glass_85_dfeffc_1x400.png,No matching approved content slot,Found,https://github.com/zz10965-alt/go-paas-frontend/blob/5167e93f908ff65f1e4dab30506fa46ad862b0e4/assets/lib/x-editable/jquery-editable/jquery-ui-datepicker/css/redmond/images/ui-bg_glass_85_dfeffc_1x400.png,"Template/vendor/tutorial asset, not verified owner personal media or an approved project resource. Not copied into portfolio. No action needed."
go-paas-frontend / assets/lib/x-editable/jquery-editable/jquery-ui-datepicker/css/redmond/images/ui-bg_glass_95_fef1ec_1x400.png,No matching approved content slot,Found,https://github.com/zz10965-alt/go-paas-frontend/blob/5167e93f908ff65f1e4dab30506fa46ad862b0e4/assets/lib/x-editable/jquery-editable/jquery-ui-datepicker/css/redmond/images/ui-bg_glass_95_fef1ec_1x400.png,"Template/vendor/tutorial asset, not verified owner personal media or an approved project resource. Not copied into portfolio. No action needed."
go-paas-frontend / assets/lib/x-editable/jquery-editable/jquery-ui-datepicker/css/redmond/images/ui-bg_gloss-wave_55_5c9ccc_500x100.png,No matching approved content slot,Found,https://github.com/zz10965-alt/go-paas-frontend/blob/5167e93f908ff65f1e4dab30506fa46ad862b0e4/assets/lib/x-editable/jquery-editable/jquery-ui-datepicker/css/redmond/images/ui-bg_gloss-wave_55_5c9ccc_500x100.png,"Template/vendor/tutorial asset, not verified owner personal media or an approved project resource. Not copied into portfolio. No action needed."
go-paas-frontend / assets/lib/x-editable/jquery-editable/jquery-ui-datepicker/css/redmond/images/ui-bg_inset-hard_100_f5f8f9_1x100.png,No matching approved content slot,Found,https://github.com/zz10965-alt/go-paas-frontend/blob/5167e93f908ff65f1e4dab30506fa46ad862b0e4/assets/lib/x-editable/jquery-editable/jquery-ui-datepicker/css/redmond/images/ui-bg_inset-hard_100_f5f8f9_1x100.png,"Template/vendor/tutorial asset, not verified owner personal media or an approved project resource. Not copied into portfolio. No action needed."
go-paas-frontend / assets/lib/x-editable/jquery-editable/jquery-ui-datepicker/css/redmond/images/ui-bg_inset-hard_100_fcfdfd_1x100.png,No matching approved content slot,Found,https://github.com/zz10965-alt/go-paas-frontend/blob/5167e93f908ff65f1e4dab30506fa46ad862b0e4/assets/lib/x-editable/jquery-editable/jquery-ui-datepicker/css/redmond/images/ui-bg_inset-hard_100_fcfdfd_1x100.png,"Template/vendor/tutorial asset, not verified owner personal media or an approved project resource. Not copied into portfolio. No action needed."
go-paas-frontend / assets/lib/x-editable/jquery-editable/jquery-ui-datepicker/css/redmond/images/ui-icons_217bc0_256x240.png,No matching approved content slot,Found,https://github.com/zz10965-alt/go-paas-frontend/blob/5167e93f908ff65f1e4dab30506fa46ad862b0e4/assets/lib/x-editable/jquery-editable/jquery-ui-datepicker/css/redmond/images/ui-icons_217bc0_256x240.png,"Template/vendor/tutorial asset, not verified owner personal media or an approved project resource. Not copied into portfolio. No action needed."
go-paas-frontend / assets/lib/x-editable/jquery-editable/jquery-ui-datepicker/css/redmond/images/ui-icons_2e83ff_256x240.png,No matching approved content slot,Found,https://github.com/zz10965-alt/go-paas-frontend/blob/5167e93f908ff65f1e4dab30506fa46ad862b0e4/assets/lib/x-editable/jquery-editable/jquery-ui-datepicker/css/redmond/images/ui-icons_2e83ff_256x240.png,"Template/vendor/tutorial asset, not verified owner personal media or an approved project resource. Not copied into portfolio. No action needed."
go-paas-frontend / assets/lib/x-editable/jquery-editable/jquery-ui-datepicker/css/redmond/images/ui-icons_469bdd_256x240.png,No matching approved content slot,Found,https://github.com/zz10965-alt/go-paas-frontend/blob/5167e93f908ff65f1e4dab30506fa46ad862b0e4/assets/lib/x-editable/jquery-editable/jquery-ui-datepicker/css/redmond/images/ui-icons_469bdd_256x240.png,"Template/vendor/tutorial asset, not verified owner personal media or an approved project resource. Not copied into portfolio. No action needed."
go-paas-frontend / assets/lib/x-editable/jquery-editable/jquery-ui-datepicker/css/redmond/images/ui-icons_6da8d5_256x240.png,No matching approved content slot,Found,https://github.com/zz10965-alt/go-paas-frontend/blob/5167e93f908ff65f1e4dab30506fa46ad862b0e4/assets/lib/x-editable/jquery-editable/jquery-ui-datepicker/css/redmond/images/ui-icons_6da8d5_256x240.png,"Template/vendor/tutorial asset, not verified owner personal media or an approved project resource. Not copied into portfolio. No action needed."
go-paas-frontend / assets/lib/x-editable/jquery-editable/jquery-ui-datepicker/css/redmond/images/ui-icons_cd0a0a_256x240.png,No matching approved content slot,Found,https://github.com/zz10965-alt/go-paas-frontend/blob/5167e93f908ff65f1e4dab30506fa46ad862b0e4/assets/lib/x-editable/jquery-editable/jquery-ui-datepicker/css/redmond/images/ui-icons_cd0a0a_256x240.png,"Template/vendor/tutorial asset, not verified owner personal media or an approved project resource. Not copied into portfolio. No action needed."
go-paas-frontend / assets/lib/x-editable/jquery-editable/jquery-ui-datepicker/css/redmond/images/ui-icons_d8e7f3_256x240.png,No matching approved content slot,Found,https://github.com/zz10965-alt/go-paas-frontend/blob/5167e93f908ff65f1e4dab30506fa46ad862b0e4/assets/lib/x-editable/jquery-editable/jquery-ui-datepicker/css/redmond/images/ui-icons_d8e7f3_256x240.png,"Template/vendor/tutorial asset, not verified owner personal media or an approved project resource. Not copied into portfolio. No action needed."
go-paas-frontend / assets/lib/x-editable/jquery-editable/jquery-ui-datepicker/css/redmond/images/ui-icons_f9bd01_256x240.png,No matching approved content slot,Found,https://github.com/zz10965-alt/go-paas-frontend/blob/5167e93f908ff65f1e4dab30506fa46ad862b0e4/assets/lib/x-editable/jquery-editable/jquery-ui-datepicker/css/redmond/images/ui-icons_f9bd01_256x240.png,"Template/vendor/tutorial asset, not verified owner personal media or an approved project resource. Not copied into portfolio. No action needed."
go-paas-frontend / assets/lib/x-editable/jqueryui-editable/img/clear.png,No matching approved content slot,Found,https://github.com/zz10965-alt/go-paas-frontend/blob/5167e93f908ff65f1e4dab30506fa46ad862b0e4/assets/lib/x-editable/jqueryui-editable/img/clear.png,"Template/vendor/tutorial asset, not verified owner personal media or an approved project resource. Not copied into portfolio. No action needed."
zz10965-alt.github.io / assets/img/diagrams/ai-agent-zh.svg,No matching approved content slot,Found,https://github.com/zz10965-alt/zz10965-alt.github.io/blob/fff3afa4162e214c3a8536feb78e7dd99b0b01b4/assets/img/diagrams/ai-agent-zh.svg,"Legacy artwork/diagram does not match a missing approved asset, or an existing real visualization takes precedence. Retained in original repository; no extra decorative elements, charts or new projects added. No action needed."
zz10965-alt.github.io / assets/img/diagrams/ai-solution-en.svg,No matching approved content slot,Found,https://github.com/zz10965-alt/zz10965-alt.github.io/blob/fff3afa4162e214c3a8536feb78e7dd99b0b01b4/assets/img/diagrams/ai-solution-en.svg,"Legacy artwork/diagram does not match a missing approved asset, or an existing real visualization takes precedence. Retained in original repository; no extra decorative elements, charts or new projects added. No action needed."
zz10965-alt.github.io / assets/img/diagrams/ai-solution-zh.svg,No matching approved content slot,Found,https://github.com/zz10965-alt/zz10965-alt.github.io/blob/fff3afa4162e214c3a8536feb78e7dd99b0b01b4/assets/img/diagrams/ai-solution-zh.svg,"Legacy artwork/diagram does not match a missing approved asset, or an existing real visualization takes precedence. Retained in original repository; no extra decorative elements, charts or new projects added. No action needed."
zz10965-alt.github.io / assets/img/diagrams/google-en.svg,No matching approved content slot,Found,https://github.com/zz10965-alt/zz10965-alt.github.io/blob/fff3afa4162e214c3a8536feb78e7dd99b0b01b4/assets/img/diagrams/google-en.svg,"Legacy artwork/diagram does not match a missing approved asset, or an existing real visualization takes precedence. Retained in original repository; no extra decorative elements, charts or new projects added. No action needed."
zz10965-alt.github.io / assets/img/diagrams/google-zh.svg,No matching approved content slot,Found,https://github.com/zz10965-alt/zz10965-alt.github.io/blob/fff3afa4162e214c3a8536feb78e7dd99b0b01b4/assets/img/diagrams/google-zh.svg,"Legacy artwork/diagram does not match a missing approved asset, or an existing real visualization takes precedence. Retained in original repository; no extra decorative elements, charts or new projects added. No action needed."
zz10965-alt.github.io / assets/img/diagrams/paas-en.svg,No matching approved content slot,Found,https://github.com/zz10965-alt/zz10965-alt.github.io/blob/fff3afa4162e214c3a8536feb78e7dd99b0b01b4/assets/img/diagrams/paas-en.svg,"Legacy artwork/diagram does not match a missing approved asset, or an existing real visualization takes precedence. Retained in original repository; no extra decorative elements, charts or new projects added. No action needed."
zz10965-alt.github.io / assets/img/diagrams/paas-zh.svg,No matching approved content slot,Found,https://github.com/zz10965-alt/zz10965-alt.github.io/blob/fff3afa4162e214c3a8536feb78e7dd99b0b01b4/assets/img/diagrams/paas-zh.svg,"Legacy artwork/diagram does not match a missing approved asset, or an existing real visualization takes precedence. Retained in original repository; no extra decorative elements, charts or new projects added. No action needed."
zz10965-alt.github.io / assets/img/diagrams/seckill-en.svg,No matching approved content slot,Found,https://github.com/zz10965-alt/zz10965-alt.github.io/blob/fff3afa4162e214c3a8536feb78e7dd99b0b01b4/assets/img/diagrams/seckill-en.svg,"Legacy artwork/diagram does not match a missing approved asset, or an existing real visualization takes precedence. Retained in original repository; no extra decorative elements, charts or new projects added. No action needed."
zz10965-alt.github.io / assets/img/diagrams/seckill-zh.svg,No matching approved content slot,Found,https://github.com/zz10965-alt/zz10965-alt.github.io/blob/fff3afa4162e214c3a8536feb78e7dd99b0b01b4/assets/img/diagrams/seckill-zh.svg,"Legacy artwork/diagram does not match a missing approved asset, or an existing real visualization takes precedence. Retained in original repository; no extra decorative elements, charts or new projects added. No action needed."
zz10965-alt.github.io / assets/img/projects/achievement-motivation.svg,No matching approved content slot,Found,https://github.com/zz10965-alt/zz10965-alt.github.io/blob/fff3afa4162e214c3a8536feb78e7dd99b0b01b4/assets/img/projects/achievement-motivation.svg,"Legacy artwork/diagram does not match a missing approved asset, or an existing real visualization takes precedence. Retained in original repository; no extra decorative elements, charts or new projects added. No action needed."
zz10965-alt.github.io / assets/img/projects/ai-layoffs.svg,No matching approved content slot,Found,https://github.com/zz10965-alt/zz10965-alt.github.io/blob/fff3afa4162e214c3a8536feb78e7dd99b0b01b4/assets/img/projects/ai-layoffs.svg,"Legacy artwork/diagram does not match a missing approved asset, or an existing real visualization takes precedence. Retained in original repository; no extra decorative elements, charts or new projects added. No action needed."
zz10965-alt.github.io / assets/img/projects/applied-prog.svg,No matching approved content slot,Found,https://github.com/zz10965-alt/zz10965-alt.github.io/blob/fff3afa4162e214c3a8536feb78e7dd99b0b01b4/assets/img/projects/applied-prog.svg,"Legacy artwork/diagram does not match a missing approved asset, or an existing real visualization takes precedence. Retained in original repository; no extra decorative elements, charts or new projects added. No action needed."
zz10965-alt.github.io / assets/img/projects/attrition.svg,No matching approved content slot,Found,https://github.com/zz10965-alt/zz10965-alt.github.io/blob/fff3afa4162e214c3a8536feb78e7dd99b0b01b4/assets/img/projects/attrition.svg,"Legacy artwork/diagram does not match a missing approved asset, or an existing real visualization takes precedence. Retained in original repository; no extra decorative elements, charts or new projects added. No action needed."
zz10965-alt.github.io / assets/img/projects/db-ads.svg,No matching approved content slot,Found,https://github.com/zz10965-alt/zz10965-alt.github.io/blob/fff3afa4162e214c3a8536feb78e7dd99b0b01b4/assets/img/projects/db-ads.svg,"Legacy artwork/diagram does not match a missing approved asset, or an existing real visualization takes precedence. Retained in original repository; no extra decorative elements, charts or new projects added. No action needed."
zz10965-alt.github.io / assets/img/projects/db-market.svg,No matching approved content slot,Found,https://github.com/zz10965-alt/zz10965-alt.github.io/blob/fff3afa4162e214c3a8536feb78e7dd99b0b01b4/assets/img/projects/db-market.svg,"Legacy artwork/diagram does not match a missing approved asset, or an existing real visualization takes precedence. Retained in original repository; no extra decorative elements, charts or new projects added. No action needed."
zz10965-alt.github.io / assets/img/projects/db-platform.svg,No matching approved content slot,Found,https://github.com/zz10965-alt/zz10965-alt.github.io/blob/fff3afa4162e214c3a8536feb78e7dd99b0b01b4/assets/img/projects/db-platform.svg,"Legacy artwork/diagram does not match a missing approved asset, or an existing real visualization takes precedence. Retained in original repository; no extra decorative elements, charts or new projects added. No action needed."
zz10965-alt.github.io / assets/img/projects/ev-battery.svg,No matching approved content slot,Found,https://github.com/zz10965-alt/zz10965-alt.github.io/blob/fff3afa4162e214c3a8536feb78e7dd99b0b01b4/assets/img/projects/ev-battery.svg,"Legacy artwork/diagram does not match a missing approved asset, or an existing real visualization takes precedence. Retained in original repository; no extra decorative elements, charts or new projects added. No action needed."
zz10965-alt.github.io / assets/img/projects/fengdu.svg,No matching approved content slot,Found,https://github.com/zz10965-alt/zz10965-alt.github.io/blob/fff3afa4162e214c3a8536feb78e7dd99b0b01b4/assets/img/projects/fengdu.svg,"Legacy artwork/diagram does not match a missing approved asset, or an existing real visualization takes precedence. Retained in original repository; no extra decorative elements, charts or new projects added. No action needed."
zz10965-alt.github.io / assets/img/projects/hualongqiao.svg,No matching approved content slot,Found,https://github.com/zz10965-alt/zz10965-alt.github.io/blob/fff3afa4162e214c3a8536feb78e7dd99b0b01b4/assets/img/projects/hualongqiao.svg,"Legacy artwork/diagram does not match a missing approved asset, or an existing real visualization takes precedence. Retained in original repository; no extra decorative elements, charts or new projects added. No action needed."
zz10965-alt.github.io / assets/img/projects/lechong.svg,No matching approved content slot,Found,https://github.com/zz10965-alt/zz10965-alt.github.io/blob/fff3afa4162e214c3a8536feb78e7dd99b0b01b4/assets/img/projects/lechong.svg,"Legacy artwork/diagram does not match a missing approved asset, or an existing real visualization takes precedence. Retained in original repository; no extra decorative elements, charts or new projects added. No action needed."
zz10965-alt.github.io / assets/img/projects/lining-us.svg,No matching approved content slot,Found,https://github.com/zz10965-alt/zz10965-alt.github.io/blob/fff3afa4162e214c3a8536feb78e7dd99b0b01b4/assets/img/projects/lining-us.svg,"Legacy artwork/diagram does not match a missing approved asset, or an existing real visualization takes precedence. Retained in original repository; no extra decorative elements, charts or new projects added. No action needed."
zz10965-alt.github.io / assets/img/projects/majors-ai.svg,No matching approved content slot,Found,https://github.com/zz10965-alt/zz10965-alt.github.io/blob/fff3afa4162e214c3a8536feb78e7dd99b0b01b4/assets/img/projects/majors-ai.svg,"Legacy artwork/diagram does not match a missing approved asset, or an existing real visualization takes precedence. Retained in original repository; no extra decorative elements, charts or new projects added. No action needed."
zz10965-alt.github.io / assets/img/projects/migrated-elderly.svg,No matching approved content slot,Found,https://github.com/zz10965-alt/zz10965-alt.github.io/blob/fff3afa4162e214c3a8536feb78e7dd99b0b01b4/assets/img/projects/migrated-elderly.svg,"Legacy artwork/diagram does not match a missing approved asset, or an existing real visualization takes precedence. Retained in original repository; no extra decorative elements, charts or new projects added. No action needed."
zz10965-alt.github.io / assets/img/projects/mysql-sales.svg,No matching approved content slot,Found,https://github.com/zz10965-alt/zz10965-alt.github.io/blob/fff3afa4162e214c3a8536feb78e7dd99b0b01b4/assets/img/projects/mysql-sales.svg,"Legacy artwork/diagram does not match a missing approved asset, or an existing real visualization takes precedence. Retained in original repository; no extra decorative elements, charts or new projects added. No action needed."
zz10965-alt.github.io / assets/img/projects/patent-nlp.svg,No matching approved content slot,Found,https://github.com/zz10965-alt/zz10965-alt.github.io/blob/fff3afa4162e214c3a8536feb78e7dd99b0b01b4/assets/img/projects/patent-nlp.svg,"Legacy artwork/diagram does not match a missing approved asset, or an existing real visualization takes precedence. Retained in original repository; no extra decorative elements, charts or new projects added. No action needed."
zz10965-alt.github.io / assets/img/projects/retention.svg,No matching approved content slot,Found,https://github.com/zz10965-alt/zz10965-alt.github.io/blob/fff3afa4162e214c3a8536feb78e7dd99b0b01b4/assets/img/projects/retention.svg,"Legacy artwork/diagram does not match a missing approved asset, or an existing real visualization takes precedence. Retained in original repository; no extra decorative elements, charts or new projects added. No action needed."
zz10965-alt.github.io / assets/img/projects/uyuni-rbac.svg,No matching approved content slot,Found,https://github.com/zz10965-alt/zz10965-alt.github.io/blob/fff3afa4162e214c3a8536feb78e7dd99b0b01b4/assets/img/projects/uyuni-rbac.svg,"Legacy artwork/diagram does not match a missing approved asset, or an existing real visualization takes precedence. Retained in original repository; no extra decorative elements, charts or new projects added. No action needed."
zz10965-alt.github.io / assets/img/projects/wujiang.svg,No matching approved content slot,Found,https://github.com/zz10965-alt/zz10965-alt.github.io/blob/fff3afa4162e214c3a8536feb78e7dd99b0b01b4/assets/img/projects/wujiang.svg,"Legacy artwork/diagram does not match a missing approved asset, or an existing real visualization takes precedence. Retained in original repository; no extra decorative elements, charts or new projects added. No action needed."
SimpleController_HW2025.10.19 / postman-HW1.png,Other repository; no matching approved case study,Found,https://github.com/zz10965-alt/SimpleController_HW2025.10.19/blob/54300c31cebd0f94d89bf84a9693c305c5d09ac4/postman-HW1.png,"Indexed from current committed repository tree. Technical/vendor/example asset, not an original portrait/resume/proposal or resource for the 11 approved projects. Not copied; no user action needed."
SimpleController_HW2025.10.19 / postman-HW2.png,Other repository; no matching approved case study,Found,https://github.com/zz10965-alt/SimpleController_HW2025.10.19/blob/54300c31cebd0f94d89bf84a9693c305c5d09ac4/postman-HW2.png,"Indexed from current committed repository tree. Technical/vendor/example asset, not an original portrait/resume/proposal or resource for the 11 approved projects. Not copied; no user action needed."
SimpleController_HW2025.10.19 / postman-HW3.png,Other repository; no matching approved case study,Found,https://github.com/zz10965-alt/SimpleController_HW2025.10.19/blob/54300c31cebd0f94d89bf84a9693c305c5d09ac4/postman-HW3.png,"Indexed from current committed repository tree. Technical/vendor/example asset, not an original portrait/resume/proposal or resource for the 11 approved projects. Not copied; no user action needed."
SimpleController_HW2025.10.19 / postman-HW4.png,Other repository; no matching approved case study,Found,https://github.com/zz10965-alt/SimpleController_HW2025.10.19/blob/54300c31cebd0f94d89bf84a9693c305c5d09ac4/postman-HW4.png,"Indexed from current committed repository tree. Technical/vendor/example asset, not an original portrait/resume/proposal or resource for the 11 approved projects. Not copied; no user action needed."
SimpleController_HW2025.10.19 / postman-HW5.png,Other repository; no matching approved case study,Found,https://github.com/zz10965-alt/SimpleController_HW2025.10.19/blob/54300c31cebd0f94d89bf84a9693c305c5d09ac4/postman-HW5.png,"Indexed from current committed repository tree. Technical/vendor/example asset, not an original portrait/resume/proposal or resource for the 11 approved projects. Not copied; no user action needed."
SimpleController_HW2025.10.19 / postman-HW6.png,Other repository; no matching approved case study,Found,https://github.com/zz10965-alt/SimpleController_HW2025.10.19/blob/54300c31cebd0f94d89bf84a9693c305c5d09ac4/postman-HW6.png,"Indexed from current committed repository tree. Technical/vendor/example asset, not an original portrait/resume/proposal or resource for the 11 approved projects. Not copied; no user action needed."
SimpleController_HW2025.10.19 / postman-HW7.png,Other repository; no matching approved case study,Found,https://github.com/zz10965-alt/SimpleController_HW2025.10.19/blob/54300c31cebd0f94d89bf84a9693c305c5d09ac4/postman-HW7.png,"Indexed from current committed repository tree. Technical/vendor/example asset, not an original portrait/resume/proposal or resource for the 11 approved projects. Not copied; no user action needed."
TaskForge_MiniAPI / H2 console query results.png,Other repository; no matching approved case study,Found,https://github.com/zz10965-alt/TaskForge_MiniAPI/blob/2450d54ad0fb1e9f70bc0b57ac6f64da6a9e6314/H2 console query results.png,"Indexed from current committed repository tree. Technical/vendor/example asset, not an original portrait/resume/proposal or resource for the 11 approved projects. Not copied; no user action needed."
TaskForge_MiniAPI / H2-post.png,Other repository; no matching approved case study,Found,https://github.com/zz10965-alt/TaskForge_MiniAPI/blob/2450d54ad0fb1e9f70bc0b57ac6f64da6a9e6314/H2-post.png,"Indexed from current committed repository tree. Technical/vendor/example asset, not an original portrait/resume/proposal or resource for the 11 approved projects. Not copied; no user action needed."
TaskForge_MiniAPI / MySQL-CLI-select_from_tasks.png,Other repository; no matching approved case study,Found,https://github.com/zz10965-alt/TaskForge_MiniAPI/blob/2450d54ad0fb1e9f70bc0b57ac6f64da6a9e6314/MySQL-CLI-select_from_tasks.png,"Indexed from current committed repository tree. Technical/vendor/example asset, not an original portrait/resume/proposal or resource for the 11 approved projects. Not copied; no user action needed."
TaskForge_MiniAPI / RDS dashboard.png,Other repository; no matching approved case study,Found,https://github.com/zz10965-alt/TaskForge_MiniAPI/blob/2450d54ad0fb1e9f70bc0b57ac6f64da6a9e6314/RDS dashboard.png,"Indexed from current committed repository tree. Technical/vendor/example asset, not an original portrait/resume/proposal or resource for the 11 approved projects. Not copied; no user action needed."
TaskForge_MiniAPI / commit-message.png,Other repository; no matching approved case study,Found,https://github.com/zz10965-alt/TaskForge_MiniAPI/blob/2450d54ad0fb1e9f70bc0b57ac6f64da6a9e6314/commit-message.png,"Indexed from current committed repository tree. Technical/vendor/example asset, not an original portrait/resume/proposal or resource for the 11 approved projects. Not copied; no user action needed."
TaskForge_MiniAPI_assignment4 / ERROR_console.png,Other repository; no matching approved case study,Found,https://github.com/zz10965-alt/TaskForge_MiniAPI_assignment4/blob/8ef940bd2836cc1d58e90906b4816b2f0545758f/ERROR_console.png,"Indexed from current committed repository tree. Technical/vendor/example asset, not an original portrait/resume/proposal or resource for the 11 approved projects. Not copied; no user action needed."
TaskForge_MiniAPI_assignment4 / WARN_console.png,Other repository; no matching approved case study,Found,https://github.com/zz10965-alt/TaskForge_MiniAPI_assignment4/blob/8ef940bd2836cc1d58e90906b4816b2f0545758f/WARN_console.png,"Indexed from current committed repository tree. Technical/vendor/example asset, not an original portrait/resume/proposal or resource for the 11 approved projects. Not copied; no user action needed."
TaskForge_MiniAPI_assignment4 / info_console.png,Other repository; no matching approved case study,Found,https://github.com/zz10965-alt/TaskForge_MiniAPI_assignment4/blob/8ef940bd2836cc1d58e90906b4816b2f0545758f/info_console.png,"Indexed from current committed repository tree. Technical/vendor/example asset, not an original portrait/resume/proposal or resource for the 11 approved projects. Not copied; no user action needed."
seckill-system / src/main/resources/public/fonts/icon-moon.svg,Other repository; no matching approved case study,Found,https://github.com/zz10965-alt/seckill-system/blob/389100648475326866376f2def4be06631eb238c/src/main/resources/public/fonts/icon-moon.svg,"Indexed from current committed repository tree. Technical/vendor/example asset, not an original portrait/resume/proposal or resource for the 11 approved projects. Not copied; no user action needed."
seckill-system / src/main/resources/public/fonts/icon-pc.svg,Other repository; no matching approved case study,Found,https://github.com/zz10965-alt/seckill-system/blob/389100648475326866376f2def4be06631eb238c/src/main/resources/public/fonts/icon-pc.svg,"Indexed from current committed repository tree. Technical/vendor/example asset, not an original portrait/resume/proposal or resource for the 11 approved projects. Not copied; no user action needed."
seckill-system / src/main/resources/public/fonts/icon-tb.svg,Other repository; no matching approved case study,Found,https://github.com/zz10965-alt/seckill-system/blob/389100648475326866376f2def4be06631eb238c/src/main/resources/public/fonts/icon-tb.svg,"Indexed from current committed repository tree. Technical/vendor/example asset, not an original portrait/resume/proposal or resource for the 11 approved projects. Not copied; no user action needed."
seckill-system / src/main/resources/public/fonts/icon-touch.svg,Other repository; no matching approved case study,Found,https://github.com/zz10965-alt/seckill-system/blob/389100648475326866376f2def4be06631eb238c/src/main/resources/public/fonts/icon-touch.svg,"Indexed from current committed repository tree. Technical/vendor/example asset, not an original portrait/resume/proposal or resource for the 11 approved projects. Not copied; no user action needed."
seckill-system / src/main/resources/public/img/1.jpg,Other repository; no matching approved case study,Found,https://github.com/zz10965-alt/seckill-system/blob/389100648475326866376f2def4be06631eb238c/src/main/resources/public/img/1.jpg,"Indexed from current committed repository tree. Technical/vendor/example asset, not an original portrait/resume/proposal or resource for the 11 approved projects. Not copied; no user action needed."
seckill-system / src/main/resources/public/img/2.jpg,Other repository; no matching approved case study,Found,https://github.com/zz10965-alt/seckill-system/blob/389100648475326866376f2def4be06631eb238c/src/main/resources/public/img/2.jpg,"Indexed from current committed repository tree. Technical/vendor/example asset, not an original portrait/resume/proposal or resource for the 11 approved projects. Not copied; no user action needed."
seckill-system / src/main/resources/public/img/Arrow_left.svg,Other repository; no matching approved case study,Found,https://github.com/zz10965-alt/seckill-system/blob/389100648475326866376f2def4be06631eb238c/src/main/resources/public/img/Arrow_left.svg,"Indexed from current committed repository tree. Technical/vendor/example asset, not an original portrait/resume/proposal or resource for the 11 approved projects. Not copied; no user action needed."
seckill-system / src/main/resources/public/img/Arrow_right.svg,Other repository; no matching approved case study,Found,https://github.com/zz10965-alt/seckill-system/blob/389100648475326866376f2def4be06631eb238c/src/main/resources/public/img/Arrow_right.svg,"Indexed from current committed repository tree. Technical/vendor/example asset, not an original portrait/resume/proposal or resource for the 11 approved projects. Not copied; no user action needed."
seckill-system / src/main/resources/public/img/_/01.png,Other repository; no matching approved case study,Found,https://github.com/zz10965-alt/seckill-system/blob/389100648475326866376f2def4be06631eb238c/src/main/resources/public/img/_/01.png,"Indexed from current committed repository tree. Technical/vendor/example asset, not an original portrait/resume/proposal or resource for the 11 approved projects. Not copied; no user action needed."
seckill-system / src/main/resources/public/img/_/b1.png,Other repository; no matching approved case study,Found,https://github.com/zz10965-alt/seckill-system/blob/389100648475326866376f2def4be06631eb238c/src/main/resources/public/img/_/b1.png,"Indexed from current committed repository tree. Technical/vendor/example asset, not an original portrait/resume/proposal or resource for the 11 approved projects. Not copied; no user action needed."
seckill-system / src/main/resources/public/img/_/b2.png,Other repository; no matching approved case study,Found,https://github.com/zz10965-alt/seckill-system/blob/389100648475326866376f2def4be06631eb238c/src/main/resources/public/img/_/b2.png,"Indexed from current committed repository tree. Technical/vendor/example asset, not an original portrait/resume/proposal or resource for the 11 approved projects. Not copied; no user action needed."
seckill-system / src/main/resources/public/img/_/b3.png,Other repository; no matching approved case study,Found,https://github.com/zz10965-alt/seckill-system/blob/389100648475326866376f2def4be06631eb238c/src/main/resources/public/img/_/b3.png,"Indexed from current committed repository tree. Technical/vendor/example asset, not an original portrait/resume/proposal or resource for the 11 approved projects. Not copied; no user action needed."
seckill-system / src/main/resources/public/img/_/banner.png,Other repository; no matching approved case study,Found,https://github.com/zz10965-alt/seckill-system/blob/389100648475326866376f2def4be06631eb238c/src/main/resources/public/img/_/banner.png,"Indexed from current committed repository tree. Technical/vendor/example asset, not an original portrait/resume/proposal or resource for the 11 approved projects. Not copied; no user action needed."
seckill-system / src/main/resources/public/img/_/bg-who1.png,Other repository; no matching approved case study,Found,https://github.com/zz10965-alt/seckill-system/blob/389100648475326866376f2def4be06631eb238c/src/main/resources/public/img/_/bg-who1.png,"Indexed from current committed repository tree. Technical/vendor/example asset, not an original portrait/resume/proposal or resource for the 11 approved projects. Not copied; no user action needed."
seckill-system / src/main/resources/public/img/_/buy001.jpg,Other repository; no matching approved case study,Found,https://github.com/zz10965-alt/seckill-system/blob/389100648475326866376f2def4be06631eb238c/src/main/resources/public/img/_/buy001.jpg,"Indexed from current committed repository tree. Technical/vendor/example asset, not an original portrait/resume/proposal or resource for the 11 approved projects. Not copied; no user action needed."
seckill-system / src/main/resources/public/img/_/buy002.jpg,Other repository; no matching approved case study,Found,https://github.com/zz10965-alt/seckill-system/blob/389100648475326866376f2def4be06631eb238c/src/main/resources/public/img/_/buy002.jpg,"Indexed from current committed repository tree. Technical/vendor/example asset, not an original portrait/resume/proposal or resource for the 11 approved projects. Not copied; no user action needed."
seckill-system / src/main/resources/public/img/_/buy01.jpg,Other repository; no matching approved case study,Found,https://github.com/zz10965-alt/seckill-system/blob/389100648475326866376f2def4be06631eb238c/src/main/resources/public/img/_/buy01.jpg,"Indexed from current committed repository tree. Technical/vendor/example asset, not an original portrait/resume/proposal or resource for the 11 approved projects. Not copied; no user action needed."
seckill-system / src/main/resources/public/img/_/car.png,Other repository; no matching approved case study,Found,https://github.com/zz10965-alt/seckill-system/blob/389100648475326866376f2def4be06631eb238c/src/main/resources/public/img/_/car.png,"Indexed from current committed repository tree. Technical/vendor/example asset, not an original portrait/resume/proposal or resource for the 11 approved projects. Not copied; no user action needed."
seckill-system / src/main/resources/public/img/_/clock.png,Other repository; no matching approved case study,Found,https://github.com/zz10965-alt/seckill-system/blob/389100648475326866376f2def4be06631eb238c/src/main/resources/public/img/_/clock.png,"Indexed from current committed repository tree. Technical/vendor/example asset, not an original portrait/resume/proposal or resource for the 11 approved projects. Not copied; no user action needed."
seckill-system / src/main/resources/public/img/_/code.png,Other repository; no matching approved case study,Found,https://github.com/zz10965-alt/seckill-system/blob/389100648475326866376f2def4be06631eb238c/src/main/resources/public/img/_/code.png,"Indexed from current committed repository tree. Technical/vendor/example asset, not an original portrait/resume/proposal or resource for the 11 approved projects. Not copied; no user action needed."
seckill-system / src/main/resources/public/img/_/cooperation_banner.jpg,Other repository; no matching approved case study,Found,https://github.com/zz10965-alt/seckill-system/blob/389100648475326866376f2def4be06631eb238c/src/main/resources/public/img/_/cooperation_banner.jpg,"Indexed from current committed repository tree. Technical/vendor/example asset, not an original portrait/resume/proposal or resource for the 11 approved projects. Not copied; no user action needed."
seckill-system / src/main/resources/public/img/_/down-icon.png,Other repository; no matching approved case study,Found,https://github.com/zz10965-alt/seckill-system/blob/389100648475326866376f2def4be06631eb238c/src/main/resources/public/img/_/down-icon.png,"Indexed from current committed repository tree. Technical/vendor/example asset, not an original portrait/resume/proposal or resource for the 11 approved projects. Not copied; no user action needed."
seckill-system / src/main/resources/public/img/_/dp01.png,Other repository; no matching approved case study,Found,https://github.com/zz10965-alt/seckill-system/blob/389100648475326866376f2def4be06631eb238c/src/main/resources/public/img/_/dp01.png,"Indexed from current committed repository tree. Technical/vendor/example asset, not an original portrait/resume/proposal or resource for the 11 approved projects. Not copied; no user action needed."
seckill-system / src/main/resources/public/img/_/dp02.png,Other repository; no matching approved case study,Found,https://github.com/zz10965-alt/seckill-system/blob/389100648475326866376f2def4be06631eb238c/src/main/resources/public/img/_/dp02.png,"Indexed from current committed repository tree. Technical/vendor/example asset, not an original portrait/resume/proposal or resource for the 11 approved projects. Not copied; no user action needed."
seckill-system / src/main/resources/public/img/_/dp03.png,Other repository; no matching approved case study,Found,https://github.com/zz10965-alt/seckill-system/blob/389100648475326866376f2def4be06631eb238c/src/main/resources/public/img/_/dp03.png,"Indexed from current committed repository tree. Technical/vendor/example asset, not an original portrait/resume/proposal or resource for the 11 approved projects. Not copied; no user action needed."
seckill-system / src/main/resources/public/img/_/dp04.png,Other repository; no matching approved case study,Found,https://github.com/zz10965-alt/seckill-system/blob/389100648475326866376f2def4be06631eb238c/src/main/resources/public/img/_/dp04.png,"Indexed from current committed repository tree. Technical/vendor/example asset, not an original portrait/resume/proposal or resource for the 11 approved projects. Not copied; no user action needed."
seckill-system / src/main/resources/public/img/_/empty_heart.png,Other repository; no matching approved case study,Found,https://github.com/zz10965-alt/seckill-system/blob/389100648475326866376f2def4be06631eb238c/src/main/resources/public/img/_/empty_heart.png,"Indexed from current committed repository tree. Technical/vendor/example asset, not an original portrait/resume/proposal or resource for the 11 approved projects. Not copied; no user action needed."
seckill-system / src/main/resources/public/img/_/erweima.jpg,Other repository; no matching approved case study,Found,https://github.com/zz10965-alt/seckill-system/blob/389100648475326866376f2def4be06631eb238c/src/main/resources/public/img/_/erweima.jpg,"Indexed from current committed repository tree. Technical/vendor/example asset, not an original portrait/resume/proposal or resource for the 11 approved projects. Not copied; no user action needed."
seckill-system / src/main/resources/public/img/_/fail.png,Other repository; no matching approved case study,Found,https://github.com/zz10965-alt/seckill-system/blob/389100648475326866376f2def4be06631eb238c/src/main/resources/public/img/_/fail.png,"Indexed from current committed repository tree. Technical/vendor/example asset, not an original portrait/resume/proposal or resource for the 11 approved projects. Not copied; no user action needed."
seckill-system / src/main/resources/public/img/_/gocart.jpg,Other repository; no matching approved case study,Found,https://github.com/zz10965-alt/seckill-system/blob/389100648475326866376f2def4be06631eb238c/src/main/resources/public/img/_/gocart.jpg,"Indexed from current committed repository tree. Technical/vendor/example asset, not an original portrait/resume/proposal or resource for the 11 approved projects. Not copied; no user action needed."
seckill-system / src/main/resources/public/img/_/gocart01.jpg,Other repository; no matching approved case study,Found,https://github.com/zz10965-alt/seckill-system/blob/389100648475326866376f2def4be06631eb238c/src/main/resources/public/img/_/gocart01.jpg,"Indexed from current committed repository tree. Technical/vendor/example asset, not an original portrait/resume/proposal or resource for the 11 approved projects. Not copied; no user action needed."
seckill-system / src/main/resources/public/img/_/goods1.jpg,Other repository; no matching approved case study,Found,https://github.com/zz10965-alt/seckill-system/blob/389100648475326866376f2def4be06631eb238c/src/main/resources/public/img/_/goods1.jpg,"Indexed from current committed repository tree. Technical/vendor/example asset, not an original portrait/resume/proposal or resource for the 11 approved projects. Not copied; no user action needed."
seckill-system / src/main/resources/public/img/_/gotop.png,Other repository; no matching approved case study,Found,https://github.com/zz10965-alt/seckill-system/blob/389100648475326866376f2def4be06631eb238c/src/main/resources/public/img/_/gotop.png,"Indexed from current committed repository tree. Technical/vendor/example asset, not an original portrait/resume/proposal or resource for the 11 approved projects. Not copied; no user action needed."
seckill-system / src/main/resources/public/img/_/icon-red.png,Other repository; no matching approved case study,Found,https://github.com/zz10965-alt/seckill-system/blob/389100648475326866376f2def4be06631eb238c/src/main/resources/public/img/_/icon-red.png,"Indexed from current committed repository tree. Technical/vendor/example asset, not an original portrait/resume/proposal or resource for the 11 approved projects. Not copied; no user action needed."
seckill-system / src/main/resources/public/img/_/icon.png,Other repository; no matching approved case study,Found,https://github.com/zz10965-alt/seckill-system/blob/389100648475326866376f2def4be06631eb238c/src/main/resources/public/img/_/icon.png,"Indexed from current committed repository tree. Technical/vendor/example asset, not an original portrait/resume/proposal or resource for the 11 approved projects. Not copied; no user action needed."
seckill-system / src/main/resources/public/img/_/intro01.png,Other repository; no matching approved case study,Found,https://github.com/zz10965-alt/seckill-system/blob/389100648475326866376f2def4be06631eb238c/src/main/resources/public/img/_/intro01.png,"Indexed from current committed repository tree. Technical/vendor/example asset, not an original portrait/resume/proposal or resource for the 11 approved projects. Not copied; no user action needed."
seckill-system / src/main/resources/public/img/_/intro02.png,Other repository; no matching approved case study,Found,https://github.com/zz10965-alt/seckill-system/blob/389100648475326866376f2def4be06631eb238c/src/main/resources/public/img/_/intro02.png,"Indexed from current committed repository tree. Technical/vendor/example asset, not an original portrait/resume/proposal or resource for the 11 approved projects. Not copied; no user action needed."
seckill-system / src/main/resources/public/img/_/intro03.png,Other repository; no matching approved case study,Found,https://github.com/zz10965-alt/seckill-system/blob/389100648475326866376f2def4be06631eb238c/src/main/resources/public/img/_/intro03.png,"Indexed from current committed repository tree. Technical/vendor/example asset, not an original portrait/resume/proposal or resource for the 11 approved projects. Not copied; no user action needed."
seckill-system / src/main/resources/public/img/_/itemlike01.png,Other repository; no matching approved case study,Found,https://github.com/zz10965-alt/seckill-system/blob/389100648475326866376f2def4be06631eb238c/src/main/resources/public/img/_/itemlike01.png,"Indexed from current committed repository tree. Technical/vendor/example asset, not an original portrait/resume/proposal or resource for the 11 approved projects. Not copied; no user action needed."
seckill-system / src/main/resources/public/img/_/itemlike02.png,Other repository; no matching approved case study,Found,https://github.com/zz10965-alt/seckill-system/blob/389100648475326866376f2def4be06631eb238c/src/main/resources/public/img/_/itemlike02.png,"Indexed from current committed repository tree. Technical/vendor/example asset, not an original portrait/resume/proposal or resource for the 11 approved projects. Not copied; no user action needed."
seckill-system / src/main/resources/public/img/_/itemlike03.png,Other repository; no matching approved case study,Found,https://github.com/zz10965-alt/seckill-system/blob/389100648475326866376f2def4be06631eb238c/src/main/resources/public/img/_/itemlike03.png,"Indexed from current committed repository tree. Technical/vendor/example asset, not an original portrait/resume/proposal or resource for the 11 approved projects. Not copied; no user action needed."
seckill-system / src/main/resources/public/img/_/itemlike04.png,Other repository; no matching approved case study,Found,https://github.com/zz10965-alt/seckill-system/blob/389100648475326866376f2def4be06631eb238c/src/main/resources/public/img/_/itemlike04.png,"Indexed from current committed repository tree. Technical/vendor/example asset, not an original portrait/resume/proposal or resource for the 11 approved projects. Not copied; no user action needed."
seckill-system / src/main/resources/public/img/_/itemlike05.png,Other repository; no matching approved case study,Found,https://github.com/zz10965-alt/seckill-system/blob/389100648475326866376f2def4be06631eb238c/src/main/resources/public/img/_/itemlike05.png,"Indexed from current committed repository tree. Technical/vendor/example asset, not an original portrait/resume/proposal or resource for the 11 approved projects. Not copied; no user action needed."
seckill-system / src/main/resources/public/img/_/itemlike06.png,Other repository; no matching approved case study,Found,https://github.com/zz10965-alt/seckill-system/blob/389100648475326866376f2def4be06631eb238c/src/main/resources/public/img/_/itemlike06.png,"Indexed from current committed repository tree. Technical/vendor/example asset, not an original portrait/resume/proposal or resource for the 11 approved projects. Not copied; no user action needed."
seckill-system / src/main/resources/public/img/_/l-m01.png,Other repository; no matching approved case study,Found,https://github.com/zz10965-alt/seckill-system/blob/389100648475326866376f2def4be06631eb238c/src/main/resources/public/img/_/l-m01.png,"Indexed from current committed repository tree. Technical/vendor/example asset, not an original portrait/resume/proposal or resource for the 11 approved projects. Not copied; no user action needed."
seckill-system / src/main/resources/public/img/_/list.jpg,Other repository; no matching approved case study,Found,https://github.com/zz10965-alt/seckill-system/blob/389100648475326866376f2def4be06631eb238c/src/main/resources/public/img/_/list.jpg,"Indexed from current committed repository tree. Technical/vendor/example asset, not an original portrait/resume/proposal or resource for the 11 approved projects. Not copied; no user action needed."
seckill-system / src/main/resources/public/img/_/list.png,Other repository; no matching approved case study,Found,https://github.com/zz10965-alt/seckill-system/blob/389100648475326866376f2def4be06631eb238c/src/main/resources/public/img/_/list.png,"Indexed from current committed repository tree. Technical/vendor/example asset, not an original portrait/resume/proposal or resource for the 11 approved projects. Not copied; no user action needed."
seckill-system / src/main/resources/public/img/_/login-bg.png,Other repository; no matching approved case study,Found,https://github.com/zz10965-alt/seckill-system/blob/389100648475326866376f2def4be06631eb238c/src/main/resources/public/img/_/login-bg.png,"Indexed from current committed repository tree. Technical/vendor/example asset, not an original portrait/resume/proposal or resource for the 11 approved projects. Not copied; no user action needed."
seckill-system / src/main/resources/public/img/_/manage-bg.png,Other repository; no matching approved case study,Found,https://github.com/zz10965-alt/seckill-system/blob/389100648475326866376f2def4be06631eb238c/src/main/resources/public/img/_/manage-bg.png,"Indexed from current committed repository tree. Technical/vendor/example asset, not an original portrait/resume/proposal or resource for the 11 approved projects. Not copied; no user action needed."
seckill-system / src/main/resources/public/img/_/mobile01.png,Other repository; no matching approved case study,Found,https://github.com/zz10965-alt/seckill-system/blob/389100648475326866376f2def4be06631eb238c/src/main/resources/public/img/_/mobile01.png,"Indexed from current committed repository tree. Technical/vendor/example asset, not an original portrait/resume/proposal or resource for the 11 approved projects. Not copied; no user action needed."
seckill-system / src/main/resources/public/img/_/mobile02.png,Other repository; no matching approved case study,Found,https://github.com/zz10965-alt/seckill-system/blob/389100648475326866376f2def4be06631eb238c/src/main/resources/public/img/_/mobile02.png,"Indexed from current committed repository tree. Technical/vendor/example asset, not an original portrait/resume/proposal or resource for the 11 approved projects. Not copied; no user action needed."
seckill-system / src/main/resources/public/img/_/mobile03.png,Other repository; no matching approved case study,Found,https://github.com/zz10965-alt/seckill-system/blob/389100648475326866376f2def4be06631eb238c/src/main/resources/public/img/_/mobile03.png,"Indexed from current committed repository tree. Technical/vendor/example asset, not an original portrait/resume/proposal or resource for the 11 approved projects. Not copied; no user action needed."
seckill-system / src/main/resources/public/img/_/mobile04.png,Other repository; no matching approved case study,Found,https://github.com/zz10965-alt/seckill-system/blob/389100648475326866376f2def4be06631eb238c/src/main/resources/public/img/_/mobile04.png,"Indexed from current committed repository tree. Technical/vendor/example asset, not an original portrait/resume/proposal or resource for the 11 approved projects. Not copied; no user action needed."
seckill-system / src/main/resources/public/img/_/mobile05.png,Other repository; no matching approved case study,Found,https://github.com/zz10965-alt/seckill-system/blob/389100648475326866376f2def4be06631eb238c/src/main/resources/public/img/_/mobile05.png,"Indexed from current committed repository tree. Technical/vendor/example asset, not an original portrait/resume/proposal or resource for the 11 approved projects. Not copied; no user action needed."
seckill-system / src/main/resources/public/img/_/mobile06.png,Other repository; no matching approved case study,Found,https://github.com/zz10965-alt/seckill-system/blob/389100648475326866376f2def4be06631eb238c/src/main/resources/public/img/_/mobile06.png,"Indexed from current committed repository tree. Technical/vendor/example asset, not an original portrait/resume/proposal or resource for the 11 approved projects. Not copied; no user action needed."
seckill-system / src/main/resources/public/img/_/part01.png,Other repository; no matching approved case study,Found,https://github.com/zz10965-alt/seckill-system/blob/389100648475326866376f2def4be06631eb238c/src/main/resources/public/img/_/part01.png,"Indexed from current committed repository tree. Technical/vendor/example asset, not an original portrait/resume/proposal or resource for the 11 approved projects. Not copied; no user action needed."
seckill-system / src/main/resources/public/img/_/part02.png,Other repository; no matching approved case study,Found,https://github.com/zz10965-alt/seckill-system/blob/389100648475326866376f2def4be06631eb238c/src/main/resources/public/img/_/part02.png,"Indexed from current committed repository tree. Technical/vendor/example asset, not an original portrait/resume/proposal or resource for the 11 approved projects. Not copied; no user action needed."
seckill-system / src/main/resources/public/img/_/part03.png,Other repository; no matching approved case study,Found,https://github.com/zz10965-alt/seckill-system/blob/389100648475326866376f2def4be06631eb238c/src/main/resources/public/img/_/part03.png,"Indexed from current committed repository tree. Technical/vendor/example asset, not an original portrait/resume/proposal or resource for the 11 approved projects. Not copied; no user action needed."
seckill-system / src/main/resources/public/img/_/pay1.jpg,Other repository; no matching approved case study,Found,https://github.com/zz10965-alt/seckill-system/blob/389100648475326866376f2def4be06631eb238c/src/main/resources/public/img/_/pay1.jpg,"Indexed from current committed repository tree. Technical/vendor/example asset, not an original portrait/resume/proposal or resource for the 11 approved projects. Not copied; no user action needed."
seckill-system / src/main/resources/public/img/_/pay10.jpg,Other repository; no matching approved case study,Found,https://github.com/zz10965-alt/seckill-system/blob/389100648475326866376f2def4be06631eb238c/src/main/resources/public/img/_/pay10.jpg,"Indexed from current committed repository tree. Technical/vendor/example asset, not an original portrait/resume/proposal or resource for the 11 approved projects. Not copied; no user action needed."
seckill-system / src/main/resources/public/img/_/pay11.jpg,Other repository; no matching approved case study,Found,https://github.com/zz10965-alt/seckill-system/blob/389100648475326866376f2def4be06631eb238c/src/main/resources/public/img/_/pay11.jpg,"Indexed from current committed repository tree. Technical/vendor/example asset, not an original portrait/resume/proposal or resource for the 11 approved projects. Not copied; no user action needed."
seckill-system / src/main/resources/public/img/_/pay12.jpg,Other repository; no matching approved case study,Found,https://github.com/zz10965-alt/seckill-system/blob/389100648475326866376f2def4be06631eb238c/src/main/resources/public/img/_/pay12.jpg,"Indexed from current committed repository tree. Technical/vendor/example asset, not an original portrait/resume/proposal or resource for the 11 approved projects. Not copied; no user action needed."
seckill-system / src/main/resources/public/img/_/pay13.jpg,Other repository; no matching approved case study,Found,https://github.com/zz10965-alt/seckill-system/blob/389100648475326866376f2def4be06631eb238c/src/main/resources/public/img/_/pay13.jpg,"Indexed from current committed repository tree. Technical/vendor/example asset, not an original portrait/resume/proposal or resource for the 11 approved projects. Not copied; no user action needed."
seckill-system / src/main/resources/public/img/_/pay14.jpg,Other repository; no matching approved case study,Found,https://github.com/zz10965-alt/seckill-system/blob/389100648475326866376f2def4be06631eb238c/src/main/resources/public/img/_/pay14.jpg,"Indexed from current committed repository tree. Technical/vendor/example asset, not an original portrait/resume/proposal or resource for the 11 approved projects. Not copied; no user action needed."
seckill-system / src/main/resources/public/img/_/pay15.jpg,Other repository; no matching approved case study,Found,https://github.com/zz10965-alt/seckill-system/blob/389100648475326866376f2def4be06631eb238c/src/main/resources/public/img/_/pay15.jpg,"Indexed from current committed repository tree. Technical/vendor/example asset, not an original portrait/resume/proposal or resource for the 11 approved projects. Not copied; no user action needed."
seckill-system / src/main/resources/public/img/_/pay16.jpg,Other repository; no matching approved case study,Found,https://github.com/zz10965-alt/seckill-system/blob/389100648475326866376f2def4be06631eb238c/src/main/resources/public/img/_/pay16.jpg,"Indexed from current committed repository tree. Technical/vendor/example asset, not an original portrait/resume/proposal or resource for the 11 approved projects. Not copied; no user action needed."
seckill-system / src/main/resources/public/img/_/pay17.jpg,Other repository; no matching approved case study,Found,https://github.com/zz10965-alt/seckill-system/blob/389100648475326866376f2def4be06631eb238c/src/main/resources/public/img/_/pay17.jpg,"Indexed from current committed repository tree. Technical/vendor/example asset, not an original portrait/resume/proposal or resource for the 11 approved projects. Not copied; no user action needed."
seckill-system / src/main/resources/public/img/_/pay18.jpg,Other repository; no matching approved case study,Found,https://github.com/zz10965-alt/seckill-system/blob/389100648475326866376f2def4be06631eb238c/src/main/resources/public/img/_/pay18.jpg,"Indexed from current committed repository tree. Technical/vendor/example asset, not an original portrait/resume/proposal or resource for the 11 approved projects. Not copied; no user action needed."
seckill-system / src/main/resources/public/img/_/pay19.jpg,Other repository; no matching approved case study,Found,https://github.com/zz10965-alt/seckill-system/blob/389100648475326866376f2def4be06631eb238c/src/main/resources/public/img/_/pay19.jpg,"Indexed from current committed repository tree. Technical/vendor/example asset, not an original portrait/resume/proposal or resource for the 11 approved projects. Not copied; no user action needed."
seckill-system / src/main/resources/public/img/_/pay2.jpg,Other repository; no matching approved case study,Found,https://github.com/zz10965-alt/seckill-system/blob/389100648475326866376f2def4be06631eb238c/src/main/resources/public/img/_/pay2.jpg,"Indexed from current committed repository tree. Technical/vendor/example asset, not an original portrait/resume/proposal or resource for the 11 approved projects. Not copied; no user action needed."
seckill-system / src/main/resources/public/img/_/pay20.jpg,Other repository; no matching approved case study,Found,https://github.com/zz10965-alt/seckill-system/blob/389100648475326866376f2def4be06631eb238c/src/main/resources/public/img/_/pay20.jpg,"Indexed from current committed repository tree. Technical/vendor/example asset, not an original portrait/resume/proposal or resource for the 11 approved projects. Not copied; no user action needed."
seckill-system / src/main/resources/public/img/_/pay21.jpg,Other repository; no matching approved case study,Found,https://github.com/zz10965-alt/seckill-system/blob/389100648475326866376f2def4be06631eb238c/src/main/resources/public/img/_/pay21.jpg,"Indexed from current committed repository tree. Technical/vendor/example asset, not an original portrait/resume/proposal or resource for the 11 approved projects. Not copied; no user action needed."
seckill-system / src/main/resources/public/img/_/pay22.jpg,Other repository; no matching approved case study,Found,https://github.com/zz10965-alt/seckill-system/blob/389100648475326866376f2def4be06631eb238c/src/main/resources/public/img/_/pay22.jpg,"Indexed from current committed repository tree. Technical/vendor/example asset, not an original portrait/resume/proposal or resource for the 11 approved projects. Not copied; no user action needed."
seckill-system / src/main/resources/public/img/_/pay3.jpg,Other repository; no matching approved case study,Found,https://github.com/zz10965-alt/seckill-system/blob/389100648475326866376f2def4be06631eb238c/src/main/resources/public/img/_/pay3.jpg,"Indexed from current committed repository tree. Technical/vendor/example asset, not an original portrait/resume/proposal or resource for the 11 approved projects. Not copied; no user action needed."
seckill-system / src/main/resources/public/img/_/pay4.jpg,Other repository; no matching approved case study,Found,https://github.com/zz10965-alt/seckill-system/blob/389100648475326866376f2def4be06631eb238c/src/main/resources/public/img/_/pay4.jpg,"Indexed from current committed repository tree. Technical/vendor/example asset, not an original portrait/resume/proposal or resource for the 11 approved projects. Not copied; no user action needed."
seckill-system / src/main/resources/public/img/_/pay5.jpg,Other repository; no matching approved case study,Found,https://github.com/zz10965-alt/seckill-system/blob/389100648475326866376f2def4be06631eb238c/src/main/resources/public/img/_/pay5.jpg,"Indexed from current committed repository tree. Technical/vendor/example asset, not an original portrait/resume/proposal or resource for the 11 approved projects. Not copied; no user action needed."
seckill-system / src/main/resources/public/img/_/phone-bg.png,Other repository; no matching approved case study,Found,https://github.com/zz10965-alt/seckill-system/blob/389100648475326866376f2def4be06631eb238c/src/main/resources/public/img/_/phone-bg.png,"Indexed from current committed repository tree. Technical/vendor/example asset, not an original portrait/resume/proposal or resource for the 11 approved projects. Not copied; no user action needed."
seckill-system / src/main/resources/public/img/_/phone01.png,Other repository; no matching approved case study,Found,https://github.com/zz10965-alt/seckill-system/blob/389100648475326866376f2def4be06631eb238c/src/main/resources/public/img/_/phone01.png,"Indexed from current committed repository tree. Technical/vendor/example asset, not an original portrait/resume/proposal or resource for the 11 approved projects. Not copied; no user action needed."
seckill-system / src/main/resources/public/img/_/phone02.png,Other repository; no matching approved case study,Found,https://github.com/zz10965-alt/seckill-system/blob/389100648475326866376f2def4be06631eb238c/src/main/resources/public/img/_/phone02.png,"Indexed from current committed repository tree. Technical/vendor/example asset, not an original portrait/resume/proposal or resource for the 11 approved projects. Not copied; no user action needed."
seckill-system / src/main/resources/public/img/_/phone03.png,Other repository; no matching approved case study,Found,https://github.com/zz10965-alt/seckill-system/blob/389100648475326866376f2def4be06631eb238c/src/main/resources/public/img/_/phone03.png,"Indexed from current committed repository tree. Technical/vendor/example asset, not an original portrait/resume/proposal or resource for the 11 approved projects. Not copied; no user action needed."
seckill-system / src/main/resources/public/img/_/phone04.png,Other repository; no matching approved case study,Found,https://github.com/zz10965-alt/seckill-system/blob/389100648475326866376f2def4be06631eb238c/src/main/resources/public/img/_/phone04.png,"Indexed from current committed repository tree. Technical/vendor/example asset, not an original portrait/resume/proposal or resource for the 11 approved projects. Not copied; no user action needed."
seckill-system / src/main/resources/public/img/_/phone05.png,Other repository; no matching approved case study,Found,https://github.com/zz10965-alt/seckill-system/blob/389100648475326866376f2def4be06631eb238c/src/main/resources/public/img/_/phone05.png,"Indexed from current committed repository tree. Technical/vendor/example asset, not an original portrait/resume/proposal or resource for the 11 approved projects. Not copied; no user action needed."
seckill-system / src/main/resources/public/img/_/phone06.png,Other repository; no matching approved case study,Found,https://github.com/zz10965-alt/seckill-system/blob/389100648475326866376f2def4be06631eb238c/src/main/resources/public/img/_/phone06.png,"Indexed from current committed repository tree. Technical/vendor/example asset, not an original portrait/resume/proposal or resource for the 11 approved projects. Not copied; no user action needed."
seckill-system / src/main/resources/public/img/_/phone07.png,Other repository; no matching approved case study,Found,https://github.com/zz10965-alt/seckill-system/blob/389100648475326866376f2def4be06631eb238c/src/main/resources/public/img/_/phone07.png,"Indexed from current committed repository tree. Technical/vendor/example asset, not an original portrait/resume/proposal or resource for the 11 approved projects. Not copied; no user action needed."
seckill-system / src/main/resources/public/img/_/phone08.png,Other repository; no matching approved case study,Found,https://github.com/zz10965-alt/seckill-system/blob/389100648475326866376f2def4be06631eb238c/src/main/resources/public/img/_/phone08.png,"Indexed from current committed repository tree. Technical/vendor/example asset, not an original portrait/resume/proposal or resource for the 11 approved projects. Not copied; no user action needed."
seckill-system / src/main/resources/public/img/_/phone09.png,Other repository; no matching approved case study,Found,https://github.com/zz10965-alt/seckill-system/blob/389100648475326866376f2def4be06631eb238c/src/main/resources/public/img/_/phone09.png,"Indexed from current committed repository tree. Technical/vendor/example asset, not an original portrait/resume/proposal or resource for the 11 approved projects. Not copied; no user action needed."
seckill-system / src/main/resources/public/img/_/phone10.png,Other repository; no matching approved case study,Found,https://github.com/zz10965-alt/seckill-system/blob/389100648475326866376f2def4be06631eb238c/src/main/resources/public/img/_/phone10.png,"Indexed from current committed repository tree. Technical/vendor/example asset, not an original portrait/resume/proposal or resource for the 11 approved projects. Not copied; no user action needed."
seckill-system / src/main/resources/public/img/_/phone11.png,Other repository; no matching approved case study,Found,https://github.com/zz10965-alt/seckill-system/blob/389100648475326866376f2def4be06631eb238c/src/main/resources/public/img/_/phone11.png,"Indexed from current committed repository tree. Technical/vendor/example asset, not an original portrait/resume/proposal or resource for the 11 approved projects. Not copied; no user action needed."
seckill-system / src/main/resources/public/img/_/phone12.png,Other repository; no matching approved case study,Found,https://github.com/zz10965-alt/seckill-system/blob/389100648475326866376f2def4be06631eb238c/src/main/resources/public/img/_/phone12.png,"Indexed from current committed repository tree. Technical/vendor/example asset, not an original portrait/resume/proposal or resource for the 11 approved projects. Not copied; no user action needed."
seckill-system / src/main/resources/public/img/_/phone13.png,Other repository; no matching approved case study,Found,https://github.com/zz10965-alt/seckill-system/blob/389100648475326866376f2def4be06631eb238c/src/main/resources/public/img/_/phone13.png,"Indexed from current committed repository tree. Technical/vendor/example asset, not an original portrait/resume/proposal or resource for the 11 approved projects. Not copied; no user action needed."
seckill-system / src/main/resources/public/img/_/phone14.png,Other repository; no matching approved case study,Found,https://github.com/zz10965-alt/seckill-system/blob/389100648475326866376f2def4be06631eb238c/src/main/resources/public/img/_/phone14.png,"Indexed from current committed repository tree. Technical/vendor/example asset, not an original portrait/resume/proposal or resource for the 11 approved projects. Not copied; no user action needed."
seckill-system / src/main/resources/public/img/_/photo.jpg,Other repository; no matching approved case study,Found,https://github.com/zz10965-alt/seckill-system/blob/389100648475326866376f2def4be06631eb238c/src/main/resources/public/img/_/photo.jpg,"Indexed from current committed repository tree. Technical/vendor/example asset, not an original portrait/resume/proposal or resource for the 11 approved projects. Not copied; no user action needed."
seckill-system / src/main/resources/public/img/_/photo.png,Other repository; no matching approved case study,Found,https://github.com/zz10965-alt/seckill-system/blob/389100648475326866376f2def4be06631eb238c/src/main/resources/public/img/_/photo.png,"Indexed from current committed repository tree. Technical/vendor/example asset, not an original portrait/resume/proposal or resource for the 11 approved projects. Not copied; no user action needed."
seckill-system / src/main/resources/public/img/_/photo_icon.png,Other repository; no matching approved case study,Found,https://github.com/zz10965-alt/seckill-system/blob/389100648475326866376f2def4be06631eb238c/src/main/resources/public/img/_/photo_icon.png,"Indexed from current committed repository tree. Technical/vendor/example asset, not an original portrait/resume/proposal or resource for the 11 approved projects. Not copied; no user action needed."
seckill-system / src/main/resources/public/img/_/right.png,Other repository; no matching approved case study,Found,https://github.com/zz10965-alt/seckill-system/blob/389100648475326866376f2def4be06631eb238c/src/main/resources/public/img/_/right.png,"Indexed from current committed repository tree. Technical/vendor/example asset, not an original portrait/resume/proposal or resource for the 11 approved projects. Not copied; no user action needed."
seckill-system / src/main/resources/public/img/_/s1.png,Other repository; no matching approved case study,Found,https://github.com/zz10965-alt/seckill-system/blob/389100648475326866376f2def4be06631eb238c/src/main/resources/public/img/_/s1.png,"Indexed from current committed repository tree. Technical/vendor/example asset, not an original portrait/resume/proposal or resource for the 11 approved projects. Not copied; no user action needed."
seckill-system / src/main/resources/public/img/_/s2.png,Other repository; no matching approved case study,Found,https://github.com/zz10965-alt/seckill-system/blob/389100648475326866376f2def4be06631eb238c/src/main/resources/public/img/_/s2.png,"Indexed from current committed repository tree. Technical/vendor/example asset, not an original portrait/resume/proposal or resource for the 11 approved projects. Not copied; no user action needed."
seckill-system / src/main/resources/public/img/_/s3.png,Other repository; no matching approved case study,Found,https://github.com/zz10965-alt/seckill-system/blob/389100648475326866376f2def4be06631eb238c/src/main/resources/public/img/_/s3.png,"Indexed from current committed repository tree. Technical/vendor/example asset, not an original portrait/resume/proposal or resource for the 11 approved projects. Not copied; no user action needed."
seckill-system / src/main/resources/public/img/_/sampling_head.jpg,Other repository; no matching approved case study,Found,https://github.com/zz10965-alt/seckill-system/blob/389100648475326866376f2def4be06631eb238c/src/main/resources/public/img/_/sampling_head.jpg,"Indexed from current committed repository tree. Technical/vendor/example asset, not an original portrait/resume/proposal or resource for the 11 approved projects. Not copied; no user action needed."
seckill-system / src/main/resources/public/img/_/seckillbg.png,Other repository; no matching approved case study,Found,https://github.com/zz10965-alt/seckill-system/blob/389100648475326866376f2def4be06631eb238c/src/main/resources/public/img/_/seckillbg.png,"Indexed from current committed repository tree. Technical/vendor/example asset, not an original portrait/resume/proposal or resource for the 11 approved projects. Not copied; no user action needed."
seckill-system / src/main/resources/public/img/_/shi_heart.png,Other repository; no matching approved case study,Found,https://github.com/zz10965-alt/seckill-system/blob/389100648475326866376f2def4be06631eb238c/src/main/resources/public/img/_/shi_heart.png,"Indexed from current committed repository tree. Technical/vendor/example asset, not an original portrait/resume/proposal or resource for the 11 approved projects. Not copied; no user action needed."
seckill-system / src/main/resources/public/img/_/shop-intro.png,Other repository; no matching approved case study,Found,https://github.com/zz10965-alt/seckill-system/blob/389100648475326866376f2def4be06631eb238c/src/main/resources/public/img/_/shop-intro.png,"Indexed from current committed repository tree. Technical/vendor/example asset, not an original portrait/resume/proposal or resource for the 11 approved projects. Not copied; no user action needed."
seckill-system / src/main/resources/public/img/_/shop-logo.png,Other repository; no matching approved case study,Found,https://github.com/zz10965-alt/seckill-system/blob/389100648475326866376f2def4be06631eb238c/src/main/resources/public/img/_/shop-logo.png,"Indexed from current committed repository tree. Technical/vendor/example asset, not an original portrait/resume/proposal or resource for the 11 approved projects. Not copied; no user action needed."
seckill-system / src/main/resources/public/img/_/shop-part.png,Other repository; no matching approved case study,Found,https://github.com/zz10965-alt/seckill-system/blob/389100648475326866376f2def4be06631eb238c/src/main/resources/public/img/_/shop-part.png,"Indexed from current committed repository tree. Technical/vendor/example asset, not an original portrait/resume/proposal or resource for the 11 approved projects. Not copied; no user action needed."
seckill-system / src/main/resources/public/img/_/star.png,Other repository; no matching approved case study,Found,https://github.com/zz10965-alt/seckill-system/blob/389100648475326866376f2def4be06631eb238c/src/main/resources/public/img/_/star.png,"Indexed from current committed repository tree. Technical/vendor/example asset, not an original portrait/resume/proposal or resource for the 11 approved projects. Not copied; no user action needed."
seckill-system / src/main/resources/public/img/_/t.jpg,Other repository; no matching approved case study,Found,https://github.com/zz10965-alt/seckill-system/blob/389100648475326866376f2def4be06631eb238c/src/main/resources/public/img/_/t.jpg,"Indexed from current committed repository tree. Technical/vendor/example asset, not an original portrait/resume/proposal or resource for the 11 approved projects. Not copied; no user action needed."
seckill-system / src/main/resources/public/img/_/title_bg.jpg,Other repository; no matching approved case study,Found,https://github.com/zz10965-alt/seckill-system/blob/389100648475326866376f2def4be06631eb238c/src/main/resources/public/img/_/title_bg.jpg,"Indexed from current committed repository tree. Technical/vendor/example asset, not an original portrait/resume/proposal or resource for the 11 approved projects. Not copied; no user action needed."
seckill-system / src/main/resources/public/img/_/y24.png,Other repository; no matching approved case study,Found,https://github.com/zz10965-alt/seckill-system/blob/389100648475326866376f2def4be06631eb238c/src/main/resources/public/img/_/y24.png,"Indexed from current committed repository tree. Technical/vendor/example asset, not an original portrait/resume/proposal or resource for the 11 approved projects. Not copied; no user action needed."
seckill-system / src/main/resources/public/img/account.png,Other repository; no matching approved case study,Found,https://github.com/zz10965-alt/seckill-system/blob/389100648475326866376f2def4be06631eb238c/src/main/resources/public/img/account.png,"Indexed from current committed repository tree. Technical/vendor/example asset, not an original portrait/resume/proposal or resource for the 11 approved projects. Not copied; no user action needed."
seckill-system / src/main/resources/public/img/ad.jpg,Other repository; no matching approved case study,Found,https://github.com/zz10965-alt/seckill-system/blob/389100648475326866376f2def4be06631eb238c/src/main/resources/public/img/ad.jpg,"Indexed from current committed repository tree. Technical/vendor/example asset, not an original portrait/resume/proposal or resource for the 11 approved projects. Not copied; no user action needed."
seckill-system / src/main/resources/public/img/ad1.png,Other repository; no matching approved case study,Found,https://github.com/zz10965-alt/seckill-system/blob/389100648475326866376f2def4be06631eb238c/src/main/resources/public/img/ad1.png,"Indexed from current committed repository tree. Technical/vendor/example asset, not an original portrait/resume/proposal or resource for the 11 approved projects. Not copied; no user action needed."
seckill-system / src/main/resources/public/img/addimg.svg,Other repository; no matching approved case study,Found,https://github.com/zz10965-alt/seckill-system/blob/389100648475326866376f2def4be06631eb238c/src/main/resources/public/img/addimg.svg,"Indexed from current committed repository tree. Technical/vendor/example asset, not an original portrait/resume/proposal or resource for the 11 approved projects. Not copied; no user action needed."
seckill-system / src/main/resources/public/img/ali.png,Other repository; no matching approved case study,Found,https://github.com/zz10965-alt/seckill-system/blob/389100648475326866376f2def4be06631eb238c/src/main/resources/public/img/ali.png,"Indexed from current committed repository tree. Technical/vendor/example asset, not an original portrait/resume/proposal or resource for the 11 approved projects. Not copied; no user action needed."
seckill-system / src/main/resources/public/img/banner1.jpg,Other repository; no matching approved case study,Found,https://github.com/zz10965-alt/seckill-system/blob/389100648475326866376f2def4be06631eb238c/src/main/resources/public/img/banner1.jpg,"Indexed from current committed repository tree. Technical/vendor/example asset, not an original portrait/resume/proposal or resource for the 11 approved projects. Not copied; no user action needed."
seckill-system / src/main/resources/public/img/banner1.png,Other repository; no matching approved case study,Found,https://github.com/zz10965-alt/seckill-system/blob/389100648475326866376f2def4be06631eb238c/src/main/resources/public/img/banner1.png,"Indexed from current committed repository tree. Technical/vendor/example asset, not an original portrait/resume/proposal or resource for the 11 approved projects. Not copied; no user action needed."
seckill-system / src/main/resources/public/img/banner2.jpg,Other repository; no matching approved case study,Found,https://github.com/zz10965-alt/seckill-system/blob/389100648475326866376f2def4be06631eb238c/src/main/resources/public/img/banner2.jpg,"Indexed from current committed repository tree. Technical/vendor/example asset, not an original portrait/resume/proposal or resource for the 11 approved projects. Not copied; no user action needed."
seckill-system / src/main/resources/public/img/banner3.jpg,Other repository; no matching approved case study,Found,https://github.com/zz10965-alt/seckill-system/blob/389100648475326866376f2def4be06631eb238c/src/main/resources/public/img/banner3.jpg,"Indexed from current committed repository tree. Technical/vendor/example asset, not an original portrait/resume/proposal or resource for the 11 approved projects. Not copied; no user action needed."
seckill-system / src/main/resources/public/img/banner4.jpg,Other repository; no matching approved case study,Found,https://github.com/zz10965-alt/seckill-system/blob/389100648475326866376f2def4be06631eb238c/src/main/resources/public/img/banner4.jpg,"Indexed from current committed repository tree. Technical/vendor/example asset, not an original portrait/resume/proposal or resource for the 11 approved projects. Not copied; no user action needed."
seckill-system / src/main/resources/public/img/barrow.png,Other repository; no matching approved case study,Found,https://github.com/zz10965-alt/seckill-system/blob/389100648475326866376f2def4be06631eb238c/src/main/resources/public/img/barrow.png,"Indexed from current committed repository tree. Technical/vendor/example asset, not an original portrait/resume/proposal or resource for the 11 approved projects. Not copied; no user action needed."
seckill-system / src/main/resources/public/img/bg0.png,Other repository; no matching approved case study,Found,https://github.com/zz10965-alt/seckill-system/blob/389100648475326866376f2def4be06631eb238c/src/main/resources/public/img/bg0.png,"Indexed from current committed repository tree. Technical/vendor/example asset, not an original portrait/resume/proposal or resource for the 11 approved projects. Not copied; no user action needed."
seckill-system / src/main/resources/public/img/bg1.png,Other repository; no matching approved case study,Found,https://github.com/zz10965-alt/seckill-system/blob/389100648475326866376f2def4be06631eb238c/src/main/resources/public/img/bg1.png,"Indexed from current committed repository tree. Technical/vendor/example asset, not an original portrait/resume/proposal or resource for the 11 approved projects. Not copied; no user action needed."
seckill-system / src/main/resources/public/img/bg2.png,Other repository; no matching approved case study,Found,https://github.com/zz10965-alt/seckill-system/blob/389100648475326866376f2def4be06631eb238c/src/main/resources/public/img/bg2.png,"Indexed from current committed repository tree. Technical/vendor/example asset, not an original portrait/resume/proposal or resource for the 11 approved projects. Not copied; no user action needed."
seckill-system / src/main/resources/public/img/bg3.png,Other repository; no matching approved case study,Found,https://github.com/zz10965-alt/seckill-system/blob/389100648475326866376f2def4be06631eb238c/src/main/resources/public/img/bg3.png,"Indexed from current committed repository tree. Technical/vendor/example asset, not an original portrait/resume/proposal or resource for the 11 approved projects. Not copied; no user action needed."
seckill-system / src/main/resources/public/img/brand01.png,Other repository; no matching approved case study,Found,https://github.com/zz10965-alt/seckill-system/blob/389100648475326866376f2def4be06631eb238c/src/main/resources/public/img/brand01.png,"Indexed from current committed repository tree. Technical/vendor/example asset, not an original portrait/resume/proposal or resource for the 11 approved projects. Not copied; no user action needed."
seckill-system / src/main/resources/public/img/brand02.png,Other repository; no matching approved case study,Found,https://github.com/zz10965-alt/seckill-system/blob/389100648475326866376f2def4be06631eb238c/src/main/resources/public/img/brand02.png,"Indexed from current committed repository tree. Technical/vendor/example asset, not an original portrait/resume/proposal or resource for the 11 approved projects. Not copied; no user action needed."
seckill-system / src/main/resources/public/img/brand03.png,Other repository; no matching approved case study,Found,https://github.com/zz10965-alt/seckill-system/blob/389100648475326866376f2def4be06631eb238c/src/main/resources/public/img/brand03.png,"Indexed from current committed repository tree. Technical/vendor/example asset, not an original portrait/resume/proposal or resource for the 11 approved projects. Not copied; no user action needed."
seckill-system / src/main/resources/public/img/brand04.png,Other repository; no matching approved case study,Found,https://github.com/zz10965-alt/seckill-system/blob/389100648475326866376f2def4be06631eb238c/src/main/resources/public/img/brand04.png,"Indexed from current committed repository tree. Technical/vendor/example asset, not an original portrait/resume/proposal or resource for the 11 approved projects. Not copied; no user action needed."
seckill-system / src/main/resources/public/img/brand05.png,Other repository; no matching approved case study,Found,https://github.com/zz10965-alt/seckill-system/blob/389100648475326866376f2def4be06631eb238c/src/main/resources/public/img/brand05.png,"Indexed from current committed repository tree. Technical/vendor/example asset, not an original portrait/resume/proposal or resource for the 11 approved projects. Not copied; no user action needed."
seckill-system / src/main/resources/public/img/brand06.png,Other repository; no matching approved case study,Found,https://github.com/zz10965-alt/seckill-system/blob/389100648475326866376f2def4be06631eb238c/src/main/resources/public/img/brand06.png,"Indexed from current committed repository tree. Technical/vendor/example asset, not an original portrait/resume/proposal or resource for the 11 approved projects. Not copied; no user action needed."
seckill-system / src/main/resources/public/img/brand07.png,Other repository; no matching approved case study,Found,https://github.com/zz10965-alt/seckill-system/blob/389100648475326866376f2def4be06631eb238c/src/main/resources/public/img/brand07.png,"Indexed from current committed repository tree. Technical/vendor/example asset, not an original portrait/resume/proposal or resource for the 11 approved projects. Not copied; no user action needed."
seckill-system / src/main/resources/public/img/brand08.png,Other repository; no matching approved case study,Found,https://github.com/zz10965-alt/seckill-system/blob/389100648475326866376f2def4be06631eb238c/src/main/resources/public/img/brand08.png,"Indexed from current committed repository tree. Technical/vendor/example asset, not an original portrait/resume/proposal or resource for the 11 approved projects. Not copied; no user action needed."
seckill-system / src/main/resources/public/img/brand09.png,Other repository; no matching approved case study,Found,https://github.com/zz10965-alt/seckill-system/blob/389100648475326866376f2def4be06631eb238c/src/main/resources/public/img/brand09.png,"Indexed from current committed repository tree. Technical/vendor/example asset, not an original portrait/resume/proposal or resource for the 11 approved projects. Not copied; no user action needed."
seckill-system / src/main/resources/public/img/brand10.png,Other repository; no matching approved case study,Found,https://github.com/zz10965-alt/seckill-system/blob/389100648475326866376f2def4be06631eb238c/src/main/resources/public/img/brand10.png,"Indexed from current committed repository tree. Technical/vendor/example asset, not an original portrait/resume/proposal or resource for the 11 approved projects. Not copied; no user action needed."
seckill-system / src/main/resources/public/img/brand11.png,Other repository; no matching approved case study,Found,https://github.com/zz10965-alt/seckill-system/blob/389100648475326866376f2def4be06631eb238c/src/main/resources/public/img/brand11.png,"Indexed from current committed repository tree. Technical/vendor/example asset, not an original portrait/resume/proposal or resource for the 11 approved projects. Not copied; no user action needed."
seckill-system / src/main/resources/public/img/brand12.png,Other repository; no matching approved case study,Found,https://github.com/zz10965-alt/seckill-system/blob/389100648475326866376f2def4be06631eb238c/src/main/resources/public/img/brand12.png,"Indexed from current committed repository tree. Technical/vendor/example asset, not an original portrait/resume/proposal or resource for the 11 approved projects. Not copied; no user action needed."
seckill-system / src/main/resources/public/img/brand13.png,Other repository; no matching approved case study,Found,https://github.com/zz10965-alt/seckill-system/blob/389100648475326866376f2def4be06631eb238c/src/main/resources/public/img/brand13.png,"Indexed from current committed repository tree. Technical/vendor/example asset, not an original portrait/resume/proposal or resource for the 11 approved projects. Not copied; no user action needed."
seckill-system / src/main/resources/public/img/brand_03.png,Other repository; no matching approved case study,Found,https://github.com/zz10965-alt/seckill-system/blob/389100648475326866376f2def4be06631eb238c/src/main/resources/public/img/brand_03.png,"Indexed from current committed repository tree. Technical/vendor/example asset, not an original portrait/resume/proposal or resource for the 11 approved projects. Not copied; no user action needed."
seckill-system / src/main/resources/public/img/brand_05.png,Other repository; no matching approved case study,Found,https://github.com/zz10965-alt/seckill-system/blob/389100648475326866376f2def4be06631eb238c/src/main/resources/public/img/brand_05.png,"Indexed from current committed repository tree. Technical/vendor/example asset, not an original portrait/resume/proposal or resource for the 11 approved projects. Not copied; no user action needed."
seckill-system / src/main/resources/public/img/brand_07.png,Other repository; no matching approved case study,Found,https://github.com/zz10965-alt/seckill-system/blob/389100648475326866376f2def4be06631eb238c/src/main/resources/public/img/brand_07.png,"Indexed from current committed repository tree. Technical/vendor/example asset, not an original portrait/resume/proposal or resource for the 11 approved projects. Not copied; no user action needed."
seckill-system / src/main/resources/public/img/brand_09.png,Other repository; no matching approved case study,Found,https://github.com/zz10965-alt/seckill-system/blob/389100648475326866376f2def4be06631eb238c/src/main/resources/public/img/brand_09.png,"Indexed from current committed repository tree. Technical/vendor/example asset, not an original portrait/resume/proposal or resource for the 11 approved projects. Not copied; no user action needed."
seckill-system / src/main/resources/public/img/brand_11.png,Other repository; no matching approved case study,Found,https://github.com/zz10965-alt/seckill-system/blob/389100648475326866376f2def4be06631eb238c/src/main/resources/public/img/brand_11.png,"Indexed from current committed repository tree. Technical/vendor/example asset, not an original portrait/resume/proposal or resource for the 11 approved projects. Not copied; no user action needed."
seckill-system / src/main/resources/public/img/brand_13.png,Other repository; no matching approved case study,Found,https://github.com/zz10965-alt/seckill-system/blob/389100648475326866376f2def4be06631eb238c/src/main/resources/public/img/brand_13.png,"Indexed from current committed repository tree. Technical/vendor/example asset, not an original portrait/resume/proposal or resource for the 11 approved projects. Not copied; no user action needed."
seckill-system / src/main/resources/public/img/brand_15.png,Other repository; no matching approved case study,Found,https://github.com/zz10965-alt/seckill-system/blob/389100648475326866376f2def4be06631eb238c/src/main/resources/public/img/brand_15.png,"Indexed from current committed repository tree. Technical/vendor/example asset, not an original portrait/resume/proposal or resource for the 11 approved projects. Not copied; no user action needed."
seckill-system / src/main/resources/public/img/brand_17.png,Other repository; no matching approved case study,Found,https://github.com/zz10965-alt/seckill-system/blob/389100648475326866376f2def4be06631eb238c/src/main/resources/public/img/brand_17.png,"Indexed from current committed repository tree. Technical/vendor/example asset, not an original portrait/resume/proposal or resource for the 11 approved projects. Not copied; no user action needed."
seckill-system / src/main/resources/public/img/brand_19.png,Other repository; no matching approved case study,Found,https://github.com/zz10965-alt/seckill-system/blob/389100648475326866376f2def4be06631eb238c/src/main/resources/public/img/brand_19.png,"Indexed from current committed repository tree. Technical/vendor/example asset, not an original portrait/resume/proposal or resource for the 11 approved projects. Not copied; no user action needed."
seckill-system / src/main/resources/public/img/brand_21.png,Other repository; no matching approved case study,Found,https://github.com/zz10965-alt/seckill-system/blob/389100648475326866376f2def4be06631eb238c/src/main/resources/public/img/brand_21.png,"Indexed from current committed repository tree. Technical/vendor/example asset, not an original portrait/resume/proposal or resource for the 11 approved projects. Not copied; no user action needed."
seckill-system / src/main/resources/public/img/cartPanelViewIcons.png,Other repository; no matching approved case study,Found,https://github.com/zz10965-alt/seckill-system/blob/389100648475326866376f2def4be06631eb238c/src/main/resources/public/img/cartPanelViewIcons.png,"Indexed from current committed repository tree. Technical/vendor/example asset, not an original portrait/resume/proposal or resource for the 11 approved projects. Not copied; no user action needed."
seckill-system / src/main/resources/public/img/choosed.png,Other repository; no matching approved case study,Found,https://github.com/zz10965-alt/seckill-system/blob/389100648475326866376f2def4be06631eb238c/src/main/resources/public/img/choosed.png,"Indexed from current committed repository tree. Technical/vendor/example asset, not an original portrait/resume/proposal or resource for the 11 approved projects. Not copied; no user action needed."
seckill-system / src/main/resources/public/img/clock.png,Other repository; no matching approved case study,Found,https://github.com/zz10965-alt/seckill-system/blob/389100648475326866376f2def4be06631eb238c/src/main/resources/public/img/clock.png,"Indexed from current committed repository tree. Technical/vendor/example asset, not an original portrait/resume/proposal or resource for the 11 approved projects. Not copied; no user action needed."
seckill-system / src/main/resources/public/img/delete.png,Other repository; no matching approved case study,Found,https://github.com/zz10965-alt/seckill-system/blob/389100648475326866376f2def4be06631eb238c/src/main/resources/public/img/delete.png,"Indexed from current committed repository tree. Technical/vendor/example asset, not an original portrait/resume/proposal or resource for the 11 approved projects. Not copied; no user action needed."
seckill-system / src/main/resources/public/img/delete.svg,Other repository; no matching approved case study,Found,https://github.com/zz10965-alt/seckill-system/blob/389100648475326866376f2def4be06631eb238c/src/main/resources/public/img/delete.svg,"Indexed from current committed repository tree. Technical/vendor/example asset, not an original portrait/resume/proposal or resource for the 11 approved projects. Not copied; no user action needed."
seckill-system / src/main/resources/public/img/duihuan.png,Other repository; no matching approved case study,Found,https://github.com/zz10965-alt/seckill-system/blob/389100648475326866376f2def4be06631eb238c/src/main/resources/public/img/duihuan.png,"Indexed from current committed repository tree. Technical/vendor/example asset, not an original portrait/resume/proposal or resource for the 11 approved projects. Not copied; no user action needed."
seckill-system / src/main/resources/public/img/erweima.png,Other repository; no matching approved case study,Found,https://github.com/zz10965-alt/seckill-system/blob/389100648475326866376f2def4be06631eb238c/src/main/resources/public/img/erweima.png,"Indexed from current committed repository tree. Technical/vendor/example asset, not an original portrait/resume/proposal or resource for the 11 approved projects. Not copied; no user action needed."
seckill-system / src/main/resources/public/img/floor-1-1.png,Other repository; no matching approved case study,Found,https://github.com/zz10965-alt/seckill-system/blob/389100648475326866376f2def4be06631eb238c/src/main/resources/public/img/floor-1-1.png,"Indexed from current committed repository tree. Technical/vendor/example asset, not an original portrait/resume/proposal or resource for the 11 approved projects. Not copied; no user action needed."
seckill-system / src/main/resources/public/img/floor-1-2.png,Other repository; no matching approved case study,Found,https://github.com/zz10965-alt/seckill-system/blob/389100648475326866376f2def4be06631eb238c/src/main/resources/public/img/floor-1-2.png,"Indexed from current committed repository tree. Technical/vendor/example asset, not an original portrait/resume/proposal or resource for the 11 approved projects. Not copied; no user action needed."
seckill-system / src/main/resources/public/img/floor-1-3.png,Other repository; no matching approved case study,Found,https://github.com/zz10965-alt/seckill-system/blob/389100648475326866376f2def4be06631eb238c/src/main/resources/public/img/floor-1-3.png,"Indexed from current committed repository tree. Technical/vendor/example asset, not an original portrait/resume/proposal or resource for the 11 approved projects. Not copied; no user action needed."
seckill-system / src/main/resources/public/img/floor-1-4.png,Other repository; no matching approved case study,Found,https://github.com/zz10965-alt/seckill-system/blob/389100648475326866376f2def4be06631eb238c/src/main/resources/public/img/floor-1-4.png,"Indexed from current committed repository tree. Technical/vendor/example asset, not an original portrait/resume/proposal or resource for the 11 approved projects. Not copied; no user action needed."
seckill-system / src/main/resources/public/img/floor-1-5.png,Other repository; no matching approved case study,Found,https://github.com/zz10965-alt/seckill-system/blob/389100648475326866376f2def4be06631eb238c/src/main/resources/public/img/floor-1-5.png,"Indexed from current committed repository tree. Technical/vendor/example asset, not an original portrait/resume/proposal or resource for the 11 approved projects. Not copied; no user action needed."
seckill-system / src/main/resources/public/img/floor-1-6.png,Other repository; no matching approved case study,Found,https://github.com/zz10965-alt/seckill-system/blob/389100648475326866376f2def4be06631eb238c/src/main/resources/public/img/floor-1-6.png,"Indexed from current committed repository tree. Technical/vendor/example asset, not an original portrait/resume/proposal or resource for the 11 approved projects. Not copied; no user action needed."
seckill-system / src/main/resources/public/img/floor-1-b01.png,Other repository; no matching approved case study,Found,https://github.com/zz10965-alt/seckill-system/blob/389100648475326866376f2def4be06631eb238c/src/main/resources/public/img/floor-1-b01.png,"Indexed from current committed repository tree. Technical/vendor/example asset, not an original portrait/resume/proposal or resource for the 11 approved projects. Not copied; no user action needed."
seckill-system / src/main/resources/public/img/floor-1-b02.png,Other repository; no matching approved case study,Found,https://github.com/zz10965-alt/seckill-system/blob/389100648475326866376f2def4be06631eb238c/src/main/resources/public/img/floor-1-b02.png,"Indexed from current committed repository tree. Technical/vendor/example asset, not an original portrait/resume/proposal or resource for the 11 approved projects. Not copied; no user action needed."
seckill-system / src/main/resources/public/img/floor-1-b03.png,Other repository; no matching approved case study,Found,https://github.com/zz10965-alt/seckill-system/blob/389100648475326866376f2def4be06631eb238c/src/main/resources/public/img/floor-1-b03.png,"Indexed from current committed repository tree. Technical/vendor/example asset, not an original portrait/resume/proposal or resource for the 11 approved projects. Not copied; no user action needed."
seckill-system / src/main/resources/public/img/goods.png,Other repository; no matching approved case study,Found,https://github.com/zz10965-alt/seckill-system/blob/389100648475326866376f2def4be06631eb238c/src/main/resources/public/img/goods.png,"Indexed from current committed repository tree. Technical/vendor/example asset, not an original portrait/resume/proposal or resource for the 11 approved projects. Not copied; no user action needed."
seckill-system / src/main/resources/public/img/icons.png,Other repository; no matching approved case study,Found,https://github.com/zz10965-alt/seckill-system/blob/389100648475326866376f2def4be06631eb238c/src/main/resources/public/img/icons.png,"Indexed from current committed repository tree. Technical/vendor/example asset, not an original portrait/resume/proposal or resource for the 11 approved projects. Not copied; no user action needed."
seckill-system / src/main/resources/public/img/interest01.png,Other repository; no matching approved case study,Found,https://github.com/zz10965-alt/seckill-system/blob/389100648475326866376f2def4be06631eb238c/src/main/resources/public/img/interest01.png,"Indexed from current committed repository tree. Technical/vendor/example asset, not an original portrait/resume/proposal or resource for the 11 approved projects. Not copied; no user action needed."
seckill-system / src/main/resources/public/img/interest02.png,Other repository; no matching approved case study,Found,https://github.com/zz10965-alt/seckill-system/blob/389100648475326866376f2def4be06631eb238c/src/main/resources/public/img/interest02.png,"Indexed from current committed repository tree. Technical/vendor/example asset, not an original portrait/resume/proposal or resource for the 11 approved projects. Not copied; no user action needed."
seckill-system / src/main/resources/public/img/interest03.png,Other repository; no matching approved case study,Found,https://github.com/zz10965-alt/seckill-system/blob/389100648475326866376f2def4be06631eb238c/src/main/resources/public/img/interest03.png,"Indexed from current committed repository tree. Technical/vendor/example asset, not an original portrait/resume/proposal or resource for the 11 approved projects. Not copied; no user action needed."
seckill-system / src/main/resources/public/img/interest04.png,Other repository; no matching approved case study,Found,https://github.com/zz10965-alt/seckill-system/blob/389100648475326866376f2def4be06631eb238c/src/main/resources/public/img/interest04.png,"Indexed from current committed repository tree. Technical/vendor/example asset, not an original portrait/resume/proposal or resource for the 11 approved projects. Not copied; no user action needed."
seckill-system / src/main/resources/public/img/interest05.png,Other repository; no matching approved case study,Found,https://github.com/zz10965-alt/seckill-system/blob/389100648475326866376f2def4be06631eb238c/src/main/resources/public/img/interest05.png,"Indexed from current committed repository tree. Technical/vendor/example asset, not an original portrait/resume/proposal or resource for the 11 approved projects. Not copied; no user action needed."
seckill-system / src/main/resources/public/img/interest06.png,Other repository; no matching approved case study,Found,https://github.com/zz10965-alt/seckill-system/blob/389100648475326866376f2def4be06631eb238c/src/main/resources/public/img/interest06.png,"Indexed from current committed repository tree. Technical/vendor/example asset, not an original portrait/resume/proposal or resource for the 11 approved projects. Not copied; no user action needed."
seckill-system / src/main/resources/public/img/like1.png,Other repository; no matching approved case study,Found,https://github.com/zz10965-alt/seckill-system/blob/389100648475326866376f2def4be06631eb238c/src/main/resources/public/img/like1.png,"Indexed from current committed repository tree. Technical/vendor/example asset, not an original portrait/resume/proposal or resource for the 11 approved projects. Not copied; no user action needed."
seckill-system / src/main/resources/public/img/like2.png,Other repository; no matching approved case study,Found,https://github.com/zz10965-alt/seckill-system/blob/389100648475326866376f2def4be06631eb238c/src/main/resources/public/img/like2.png,"Indexed from current committed repository tree. Technical/vendor/example asset, not an original portrait/resume/proposal or resource for the 11 approved projects. Not copied; no user action needed."
seckill-system / src/main/resources/public/img/like3.png,Other repository; no matching approved case study,Found,https://github.com/zz10965-alt/seckill-system/blob/389100648475326866376f2def4be06631eb238c/src/main/resources/public/img/like3.png,"Indexed from current committed repository tree. Technical/vendor/example asset, not an original portrait/resume/proposal or resource for the 11 approved projects. Not copied; no user action needed."
seckill-system / src/main/resources/public/img/like4.png,Other repository; no matching approved case study,Found,https://github.com/zz10965-alt/seckill-system/blob/389100648475326866376f2def4be06631eb238c/src/main/resources/public/img/like4.png,"Indexed from current committed repository tree. Technical/vendor/example asset, not an original portrait/resume/proposal or resource for the 11 approved projects. Not copied; no user action needed."
seckill-system / src/main/resources/public/img/like_01.png,Other repository; no matching approved case study,Found,https://github.com/zz10965-alt/seckill-system/blob/389100648475326866376f2def4be06631eb238c/src/main/resources/public/img/like_01.png,"Indexed from current committed repository tree. Technical/vendor/example asset, not an original portrait/resume/proposal or resource for the 11 approved projects. Not copied; no user action needed."
seckill-system / src/main/resources/public/img/like_02.png,Other repository; no matching approved case study,Found,https://github.com/zz10965-alt/seckill-system/blob/389100648475326866376f2def4be06631eb238c/src/main/resources/public/img/like_02.png,"Indexed from current committed repository tree. Technical/vendor/example asset, not an original portrait/resume/proposal or resource for the 11 approved projects. Not copied; no user action needed."
seckill-system / src/main/resources/public/img/like_03.png,Other repository; no matching approved case study,Found,https://github.com/zz10965-alt/seckill-system/blob/389100648475326866376f2def4be06631eb238c/src/main/resources/public/img/like_03.png,"Indexed from current committed repository tree. Technical/vendor/example asset, not an original portrait/resume/proposal or resource for the 11 approved projects. Not copied; no user action needed."
seckill-system / src/main/resources/public/img/like_04.png,Other repository; no matching approved case study,Found,https://github.com/zz10965-alt/seckill-system/blob/389100648475326866376f2def4be06631eb238c/src/main/resources/public/img/like_04.png,"Indexed from current committed repository tree. Technical/vendor/example asset, not an original portrait/resume/proposal or resource for the 11 approved projects. Not copied; no user action needed."
seckill-system / src/main/resources/public/img/like_05.png,Other repository; no matching approved case study,Found,https://github.com/zz10965-alt/seckill-system/blob/389100648475326866376f2def4be06631eb238c/src/main/resources/public/img/like_05.png,"Indexed from current committed repository tree. Technical/vendor/example asset, not an original portrait/resume/proposal or resource for the 11 approved projects. Not copied; no user action needed."
seckill-system / src/main/resources/public/img/like_06.png,Other repository; no matching approved case study,Found,https://github.com/zz10965-alt/seckill-system/blob/389100648475326866376f2def4be06631eb238c/src/main/resources/public/img/like_06.png,"Indexed from current committed repository tree. Technical/vendor/example asset, not an original portrait/resume/proposal or resource for the 11 approved projects. Not copied; no user action needed."
seckill-system / src/main/resources/public/img/linker.png,Other repository; no matching approved case study,Found,https://github.com/zz10965-alt/seckill-system/blob/389100648475326866376f2def4be06631eb238c/src/main/resources/public/img/linker.png,"Indexed from current committed repository tree. Technical/vendor/example asset, not an original portrait/resume/proposal or resource for the 11 approved projects. Not copied; no user action needed."
seckill-system / src/main/resources/public/img/lock.png,Other repository; no matching approved case study,Found,https://github.com/zz10965-alt/seckill-system/blob/389100648475326866376f2def4be06631eb238c/src/main/resources/public/img/lock.png,"Indexed from current committed repository tree. Technical/vendor/example asset, not an original portrait/resume/proposal or resource for the 11 approved projects. Not copied; no user action needed."
seckill-system / src/main/resources/public/img/loginbg.png,Other repository; no matching approved case study,Found,https://github.com/zz10965-alt/seckill-system/blob/389100648475326866376f2def4be06631eb238c/src/main/resources/public/img/loginbg.png,"Indexed from current committed repository tree. Technical/vendor/example asset, not an original portrait/resume/proposal or resource for the 11 approved projects. Not copied; no user action needed."
seckill-system / src/main/resources/public/img/logo.png,Other repository; no matching approved case study,Found,https://github.com/zz10965-alt/seckill-system/blob/389100648475326866376f2def4be06631eb238c/src/main/resources/public/img/logo.png,"Indexed from current committed repository tree. Technical/vendor/example asset, not an original portrait/resume/proposal or resource for the 11 approved projects. Not copied; no user action needed."
seckill-system / src/main/resources/public/img/logo3.png,Other repository; no matching approved case study,Found,https://github.com/zz10965-alt/seckill-system/blob/389100648475326866376f2def4be06631eb238c/src/main/resources/public/img/logo3.png,"Indexed from current committed repository tree. Technical/vendor/example asset, not an original portrait/resume/proposal or resource for the 11 approved projects. Not copied; no user action needed."
seckill-system / src/main/resources/public/img/mod-list.png,Other repository; no matching approved case study,Found,https://github.com/zz10965-alt/seckill-system/blob/389100648475326866376f2def4be06631eb238c/src/main/resources/public/img/mod-list.png,"Indexed from current committed repository tree. Technical/vendor/example asset, not an original portrait/resume/proposal or resource for the 11 approved projects. Not copied; no user action needed."
seckill-system / src/main/resources/public/img/paylogo.png,Other repository; no matching approved case study,Found,https://github.com/zz10965-alt/seckill-system/blob/389100648475326866376f2def4be06631eb238c/src/main/resources/public/img/paylogo.png,"Indexed from current committed repository tree. Technical/vendor/example asset, not an original portrait/resume/proposal or resource for the 11 approved projects. Not copied; no user action needed."
seckill-system / src/main/resources/public/img/photo.png,Other repository; no matching approved case study,Found,https://github.com/zz10965-alt/seckill-system/blob/389100648475326866376f2def4be06631eb238c/src/main/resources/public/img/photo.png,"Indexed from current committed repository tree. Technical/vendor/example asset, not an original portrait/resume/proposal or resource for the 11 approved projects. Not copied; no user action needed."
seckill-system / src/main/resources/public/img/qq.png,Other repository; no matching approved case study,Found,https://github.com/zz10965-alt/seckill-system/blob/389100648475326866376f2def4be06631eb238c/src/main/resources/public/img/qq.png,"Indexed from current committed repository tree. Technical/vendor/example asset, not an original portrait/resume/proposal or resource for the 11 approved projects. Not copied; no user action needed."
seckill-system / src/main/resources/public/img/quan.png,Other repository; no matching approved case study,Found,https://github.com/zz10965-alt/seckill-system/blob/389100648475326866376f2def4be06631eb238c/src/main/resources/public/img/quan.png,"Indexed from current committed repository tree. Technical/vendor/example asset, not an original portrait/resume/proposal or resource for the 11 approved projects. Not copied; no user action needed."
seckill-system / src/main/resources/public/img/sina.png,Other repository; no matching approved case study,Found,https://github.com/zz10965-alt/seckill-system/blob/389100648475326866376f2def4be06631eb238c/src/main/resources/public/img/sina.png,"Indexed from current committed repository tree. Technical/vendor/example asset, not an original portrait/resume/proposal or resource for the 11 approved projects. Not copied; no user action needed."
seckill-system / src/main/resources/public/img/today01.png,Other repository; no matching approved case study,Found,https://github.com/zz10965-alt/seckill-system/blob/389100648475326866376f2def4be06631eb238c/src/main/resources/public/img/today01.png,"Indexed from current committed repository tree. Technical/vendor/example asset, not an original portrait/resume/proposal or resource for the 11 approved projects. Not copied; no user action needed."
seckill-system / src/main/resources/public/img/today02.png,Other repository; no matching approved case study,Found,https://github.com/zz10965-alt/seckill-system/blob/389100648475326866376f2def4be06631eb238c/src/main/resources/public/img/today02.png,"Indexed from current committed repository tree. Technical/vendor/example asset, not an original portrait/resume/proposal or resource for the 11 approved projects. Not copied; no user action needed."
seckill-system / src/main/resources/public/img/today03.png,Other repository; no matching approved case study,Found,https://github.com/zz10965-alt/seckill-system/blob/389100648475326866376f2def4be06631eb238c/src/main/resources/public/img/today03.png,"Indexed from current committed repository tree. Technical/vendor/example asset, not an original portrait/resume/proposal or resource for the 11 approved projects. Not copied; no user action needed."
seckill-system / src/main/resources/public/img/today04.png,Other repository; no matching approved case study,Found,https://github.com/zz10965-alt/seckill-system/blob/389100648475326866376f2def4be06631eb238c/src/main/resources/public/img/today04.png,"Indexed from current committed repository tree. Technical/vendor/example asset, not an original portrait/resume/proposal or resource for the 11 approved projects. Not copied; no user action needed."
seckill-system / src/main/resources/public/img/weixin.png,Other repository; no matching approved case study,Found,https://github.com/zz10965-alt/seckill-system/blob/389100648475326866376f2def4be06631eb238c/src/main/resources/public/img/weixin.png,"Indexed from current committed repository tree. Technical/vendor/example asset, not an original portrait/resume/proposal or resource for the 11 approved projects. Not copied; no user action needed."
seckill-system / src/main/resources/public/img/zoom.png,Other repository; no matching approved case study,Found,https://github.com/zz10965-alt/seckill-system/blob/389100648475326866376f2def4be06631eb238c/src/main/resources/public/img/zoom.png,"Indexed from current committed repository tree. Technical/vendor/example asset, not an original portrait/resume/proposal or resource for the 11 approved projects. Not copied; no user action needed."
sw360 / backend/licenseinfo/src/main/resources/templateFrontpageContent.docx,Other repository; no matching approved case study,Found,https://github.com/zz10965-alt/sw360/blob/29af0f8fbfc2e4685530e747512a32b3df4b1ecc/backend/licenseinfo/src/main/resources/templateFrontpageContent.docx,"Indexed from current committed repository tree. Technical/vendor/example asset, not an original portrait/resume/proposal or resource for the 11 approved projects. Not copied; no user action needed."
sw360 / backend/licenseinfo/src/main/resources/templateReport.docx,Other repository; no matching approved case study,Found,https://github.com/zz10965-alt/sw360/blob/29af0f8fbfc2e4685530e747512a32b3df4b1ecc/backend/licenseinfo/src/main/resources/templateReport.docx,"Indexed from current committed repository tree. Technical/vendor/example asset, not an original portrait/resume/proposal or resource for the 11 approved projects. Not copied; no user action needed."
uyuni / proxy/proxy-html/suse_proxy/sources/img/proxy-icon.png,Other repository; no matching approved case study,Found,https://github.com/zz10965-alt/uyuni/blob/6489862e64612cf18bf51298a2998a7f6b1b8ee5/proxy/proxy-html/suse_proxy/sources/img/proxy-icon.png,"Indexed from current committed repository tree. Technical/vendor/example asset, not an original portrait/resume/proposal or resource for the 11 approved projects. Not copied; no user action needed."
uyuni / proxy/proxy-html/suse_proxy/sources/img/suse-logo-footer.svg,Other repository; no matching approved case study,Found,https://github.com/zz10965-alt/uyuni/blob/6489862e64612cf18bf51298a2998a7f6b1b8ee5/proxy/proxy-html/suse_proxy/sources/img/suse-logo-footer.svg,"Indexed from current committed repository tree. Technical/vendor/example asset, not an original portrait/resume/proposal or resource for the 11 approved projects. Not copied; no user action needed."
uyuni / proxy/proxy-html/uyuni_proxy/sources/img/proxy-icon.png,Other repository; no matching approved case study,Found,https://github.com/zz10965-alt/uyuni/blob/6489862e64612cf18bf51298a2998a7f6b1b8ee5/proxy/proxy-html/uyuni_proxy/sources/img/proxy-icon.png,"Indexed from current committed repository tree. Technical/vendor/example asset, not an original portrait/resume/proposal or resource for the 11 approved projects. Not copied; no user action needed."
uyuni / proxy/proxy-html/uyuni_proxy/sources/img/uyuni-logo.svg,Other repository; no matching approved case study,Found,https://github.com/zz10965-alt/uyuni/blob/6489862e64612cf18bf51298a2998a7f6b1b8ee5/proxy/proxy-html/uyuni_proxy/sources/img/uyuni-logo.svg,"Indexed from current committed repository tree. Technical/vendor/example asset, not an original portrait/resume/proposal or resource for the 11 approved projects. Not copied; no user action needed."
uyuni / testsuite/ext-tools/predictive-test-selection/readme_resources/change_recall_heatmap.png,Other repository; no matching approved case study,Found,https://github.com/zz10965-alt/uyuni/blob/6489862e64612cf18bf51298a2998a7f6b1b8ee5/testsuite/ext-tools/predictive-test-selection/readme_resources/change_recall_heatmap.png,"Indexed from current committed repository tree. Technical/vendor/example asset, not an original portrait/resume/proposal or resource for the 11 approved projects. Not copied; no user action needed."
uyuni / testsuite/ext-tools/predictive-test-selection/readme_resources/cucumber_results_srv_users.png,Other repository; no matching approved case study,Found,https://github.com/zz10965-alt/uyuni/blob/6489862e64612cf18bf51298a2998a7f6b1b8ee5/testsuite/ext-tools/predictive-test-selection/readme_resources/cucumber_results_srv_users.png,"Indexed from current committed repository tree. Technical/vendor/example asset, not an original portrait/resume/proposal or resource for the 11 approved projects. Not copied; no user action needed."
uyuni / testsuite/ext-tools/predictive-test-selection/readme_resources/gather_training_data_diagram.png,Other repository; no matching approved case study,Found,https://github.com/zz10965-alt/uyuni/blob/6489862e64612cf18bf51298a2998a7f6b1b8ee5/testsuite/ext-tools/predictive-test-selection/readme_resources/gather_training_data_diagram.png,"Indexed from current committed repository tree. Technical/vendor/example asset, not an original portrait/resume/proposal or resource for the 11 approved projects. Not copied; no user action needed."
uyuni / testsuite/ext-tools/predictive-test-selection/readme_resources/postgres_db_schema.png,Other repository; no matching approved case study,Found,https://github.com/zz10965-alt/uyuni/blob/6489862e64612cf18bf51298a2998a7f6b1b8ee5/testsuite/ext-tools/predictive-test-selection/readme_resources/postgres_db_schema.png,"Indexed from current committed repository tree. Technical/vendor/example asset, not an original portrait/resume/proposal or resource for the 11 approved projects. Not copied; no user action needed."
uyuni / testsuite/ext-tools/predictive-test-selection/readme_resources/postgres_test_runs_table.png,Other repository; no matching approved case study,Found,https://github.com/zz10965-alt/uyuni/blob/6489862e64612cf18bf51298a2998a7f6b1b8ee5/testsuite/ext-tools/predictive-test-selection/readme_resources/postgres_test_runs_table.png,"Indexed from current committed repository tree. Technical/vendor/example asset, not an original portrait/resume/proposal or resource for the 11 approved projects. Not copied; no user action needed."
uyuni / testsuite/ext-tools/predictive-test-selection/readme_resources/pr_data_extract_output_csv.png,Other repository; no matching approved case study,Found,https://github.com/zz10965-alt/uyuni/blob/6489862e64612cf18bf51298a2998a7f6b1b8ee5/testsuite/ext-tools/predictive-test-selection/readme_resources/pr_data_extract_output_csv.png,"Indexed from current committed repository tree. Technical/vendor/example asset, not an original portrait/resume/proposal or resource for the 11 approved projects. Not copied; no user action needed."
uyuni / testsuite/ext-tools/predictive-test-selection/readme_resources/pr_data_extract_run_data_json.png,Other repository; no matching approved case study,Found,https://github.com/zz10965-alt/uyuni/blob/6489862e64612cf18bf51298a2998a7f6b1b8ee5/testsuite/ext-tools/predictive-test-selection/readme_resources/pr_data_extract_run_data_json.png,"Indexed from current committed repository tree. Technical/vendor/example asset, not an original portrait/resume/proposal or resource for the 11 approved projects. Not copied; no user action needed."
uyuni / testsuite/ext-tools/predictive-test-selection/readme_resources/pr_data_extract_test_runs_output.png,Other repository; no matching approved case study,Found,https://github.com/zz10965-alt/uyuni/blob/6489862e64612cf18bf51298a2998a7f6b1b8ee5/testsuite/ext-tools/predictive-test-selection/readme_resources/pr_data_extract_test_runs_output.png,"Indexed from current committed repository tree. Technical/vendor/example asset, not an original portrait/resume/proposal or resource for the 11 approved projects. Not copied; no user action needed."
uyuni / testsuite/ext-tools/predictive-test-selection/readme_resources/selection_rate_vs_change_recall.png,Other repository; no matching approved case study,Found,https://github.com/zz10965-alt/uyuni/blob/6489862e64612cf18bf51298a2998a7f6b1b8ee5/testsuite/ext-tools/predictive-test-selection/readme_resources/selection_rate_vs_change_recall.png,"Indexed from current committed repository tree. Technical/vendor/example asset, not an original portrait/resume/proposal or resource for the 11 approved projects. Not copied; no user action needed."
uyuni / testsuite/ext-tools/predictive-test-selection/readme_resources/training_and_cutoff_calibration_diagram.png,Other repository; no matching approved case study,Found,https://github.com/zz10965-alt/uyuni/blob/6489862e64612cf18bf51298a2998a7f6b1b8ee5/testsuite/ext-tools/predictive-test-selection/readme_resources/training_and_cutoff_calibration_diagram.png,"Indexed from current committed repository tree. Technical/vendor/example asset, not an original portrait/resume/proposal or resource for the 11 approved projects. Not copied; no user action needed."
uyuni / testsuite/ext-tools/predictive-test-selection/readme_resources/training_data_csv.png,Other repository; no matching approved case study,Found,https://github.com/zz10965-alt/uyuni/blob/6489862e64612cf18bf51298a2998a7f6b1b8ee5/testsuite/ext-tools/predictive-test-selection/readme_resources/training_data_csv.png,"Indexed from current committed repository tree. Technical/vendor/example asset, not an original portrait/resume/proposal or resource for the 11 approved projects. Not copied; no user action needed."
uyuni / web/README-1.png,Other repository; no matching approved case study,Found,https://github.com/zz10965-alt/uyuni/blob/6489862e64612cf18bf51298a2998a7f6b1b8ee5/web/README-1.png,"Indexed from current committed repository tree. Technical/vendor/example asset, not an original portrait/resume/proposal or resource for the 11 approved projects. Not copied; no user action needed."
uyuni / web/html/src/branding/fonts/Poppins/poppins-v15-latin-300.svg,Other repository; no matching approved case study,Found,https://github.com/zz10965-alt/uyuni/blob/6489862e64612cf18bf51298a2998a7f6b1b8ee5/web/html/src/branding/fonts/Poppins/poppins-v15-latin-300.svg,"Indexed from current committed repository tree. Technical/vendor/example asset, not an original portrait/resume/proposal or resource for the 11 approved projects. Not copied; no user action needed."
uyuni / web/html/src/branding/fonts/Poppins/poppins-v15-latin-500.svg,Other repository; no matching approved case study,Found,https://github.com/zz10965-alt/uyuni/blob/6489862e64612cf18bf51298a2998a7f6b1b8ee5/web/html/src/branding/fonts/Poppins/poppins-v15-latin-500.svg,"Indexed from current committed repository tree. Technical/vendor/example asset, not an original portrait/resume/proposal or resource for the 11 approved projects. Not copied; no user action needed."
uyuni / web/html/src/branding/fonts/font-spacewalk/font/spacewalk-icon.svg,Other repository; no matching approved case study,Found,https://github.com/zz10965-alt/uyuni/blob/6489862e64612cf18bf51298a2998a7f6b1b8ee5/web/html/src/branding/fonts/font-spacewalk/font/spacewalk-icon.svg,"Indexed from current committed repository tree. Technical/vendor/example asset, not an original portrait/resume/proposal or resource for the 11 approved projects. Not copied; no user action needed."
uyuni / web/html/src/branding/img/credentials-help.png,Other repository; no matching approved case study,Found,https://github.com/zz10965-alt/uyuni/blob/6489862e64612cf18bf51298a2998a7f6b1b8ee5/web/html/src/branding/img/credentials-help.png,"Indexed from current committed repository tree. Technical/vendor/example asset, not an original portrait/resume/proposal or resource for the 11 approved projects. Not copied; no user action needed."
uyuni / web/html/src/branding/img/dropdown-arrow.jpg,Other repository; no matching approved case study,Found,https://github.com/zz10965-alt/uyuni/blob/6489862e64612cf18bf51298a2998a7f6b1b8ee5/web/html/src/branding/img/dropdown-arrow.jpg,"Indexed from current committed repository tree. Technical/vendor/example asset, not an original portrait/resume/proposal or resource for the 11 approved projects. Not copied; no user action needed."
uyuni / web/html/src/branding/img/folder-config-sm.png,Other repository; no matching approved case study,Found,https://github.com/zz10965-alt/uyuni/blob/6489862e64612cf18bf51298a2998a7f6b1b8ee5/web/html/src/branding/img/folder-config-sm.png,"Indexed from current committed repository tree. Technical/vendor/example asset, not an original portrait/resume/proposal or resource for the 11 approved projects. Not copied; no user action needed."
uyuni / web/html/src/branding/img/logo.png,Other repository; no matching approved case study,Found,https://github.com/zz10965-alt/uyuni/blob/6489862e64612cf18bf51298a2998a7f6b1b8ee5/web/html/src/branding/img/logo.png,"Indexed from current committed repository tree. Technical/vendor/example asset, not an original portrait/resume/proposal or resource for the 11 approved projects. Not copied; no user action needed."
uyuni / web/html/src/branding/img/sub-list-last.png,Other repository; no matching approved case study,Found,https://github.com/zz10965-alt/uyuni/blob/6489862e64612cf18bf51298a2998a7f6b1b8ee5/web/html/src/branding/img/sub-list-last.png,"Indexed from current committed repository tree. Technical/vendor/example asset, not an original portrait/resume/proposal or resource for the 11 approved projects. Not copied; no user action needed."
uyuni / web/html/src/branding/img/sub-list.png,Other repository; no matching approved case study,Found,https://github.com/zz10965-alt/uyuni/blob/6489862e64612cf18bf51298a2998a7f6b1b8ee5/web/html/src/branding/img/sub-list.png,"Indexed from current committed repository tree. Technical/vendor/example asset, not an original portrait/resume/proposal or resource for the 11 approved projects. Not copied; no user action needed."
uyuni / web/html/src/branding/img/suse-logo-footer-white.svg,Other repository; no matching approved case study,Found,https://github.com/zz10965-alt/uyuni/blob/6489862e64612cf18bf51298a2998a7f6b1b8ee5/web/html/src/branding/img/suse-logo-footer-white.svg,"Indexed from current committed repository tree. Technical/vendor/example asset, not an original portrait/resume/proposal or resource for the 11 approved projects. Not copied; no user action needed."
uyuni / web/html/src/branding/img/suse-logo-footer.svg,Other repository; no matching approved case study,Found,https://github.com/zz10965-alt/uyuni/blob/6489862e64612cf18bf51298a2998a7f6b1b8ee5/web/html/src/branding/img/suse-logo-footer.svg,"Indexed from current committed repository tree. Technical/vendor/example asset, not an original portrait/resume/proposal or resource for the 11 approved projects. Not copied; no user action needed."
uyuni / web/html/src/manager/admin/setup/proxy/http-proxy.png,Other repository; no matching approved case study,Found,https://github.com/zz10965-alt/uyuni/blob/6489862e64612cf18bf51298a2998a7f6b1b8ee5/web/html/src/manager/admin/setup/proxy/http-proxy.png,"Indexed from current committed repository tree. Technical/vendor/example asset, not an original portrait/resume/proposal or resource for the 11 approved projects. Not copied; no user action needed."
uyuni / web/html/src/manager/login/susemanager/background.svg,Other repository; no matching approved case study,Found,https://github.com/zz10965-alt/uyuni/blob/6489862e64612cf18bf51298a2998a7f6b1b8ee5/web/html/src/manager/login/susemanager/background.svg,"Indexed from current committed repository tree. Technical/vendor/example asset, not an original portrait/resume/proposal or resource for the 11 approved projects. Not copied; no user action needed."
uyuni / web/html/src/manager/login/susemanager/logo.svg,Other repository; no matching approved case study,Found,https://github.com/zz10965-alt/uyuni/blob/6489862e64612cf18bf51298a2998a7f6b1b8ee5/web/html/src/manager/login/susemanager/logo.svg,"Indexed from current committed repository tree. Technical/vendor/example asset, not an original portrait/resume/proposal or resource for the 11 approved projects. Not copied; no user action needed."
uyuni / web/html/src/manager/login/susemanager/mobile-logo.svg,Other repository; no matching approved case study,Found,https://github.com/zz10965-alt/uyuni/blob/6489862e64612cf18bf51298a2998a7f6b1b8ee5/web/html/src/manager/login/susemanager/mobile-logo.svg,"Indexed from current committed repository tree. Technical/vendor/example asset, not an original portrait/resume/proposal or resource for the 11 approved projects. Not copied; no user action needed."
uyuni / web/html/src/manager/login/uyuni/footer-logo.svg,Other repository; no matching approved case study,Found,https://github.com/zz10965-alt/uyuni/blob/6489862e64612cf18bf51298a2998a7f6b1b8ee5/web/html/src/manager/login/uyuni/footer-logo.svg,"Indexed from current committed repository tree. Technical/vendor/example asset, not an original portrait/resume/proposal or resource for the 11 approved projects. Not copied; no user action needed."
uyuni / web/html/src/manager/login/uyuni/uyuni-logo.svg,Other repository; no matching approved case study,Found,https://github.com/zz10965-alt/uyuni/blob/6489862e64612cf18bf51298a2998a7f6b1b8ee5/web/html/src/manager/login/uyuni/uyuni-logo.svg,"Indexed from current committed repository tree. Technical/vendor/example asset, not an original portrait/resume/proposal or resource for the 11 approved projects. Not copied; no user action needed."
Historical profile.png / earlier profile.jpg,No matching approved asset,Found,Older portfolio Git history; blobs 8dddcab4b4e21e0dbd5f774540e8a30eef4eaff7 and 5026b30784c9027cee9aebe77f7785c7cfd1a009,"Visually inspected: assessment report covers, not portrait/lifestyle image or resume. Not republished; no action needed."
